time,body_name,x,y,z,vx,vy,vz
0,Earth,0,0,0,0,0,0
0,Moon,3.844e+08,0,0,0,1022,0
3600,Earth,429.792,0,0,0.119387,0,0
3600,Moon,3.84365e+08,3.6792e+06,0,-9.71094,1022,0
7200,Earth,1289.4,4.11423,0,0.238779,0.00114284,0
7200,Moon,3.84295e+08,7.35807e+06,0,-19.4223,1021.91,0
10800,Earth,2578.79,16.4577,0,0.358166,0.00342874,0
10800,Moon,3.8419e+08,1.10363e+07,0,-29.1333,1021.72,0
14400,Earth,4297.93,41.1458,0,0.477537,0.00685781,0
14400,Moon,3.8405e+08,1.47135e+07,0,-38.843,1021.44,0
18000,Earth,6446.7,82.2941,0,0.596881,0.0114301,0
18000,Moon,3.83876e+08,1.83893e+07,0,-48.5504,1021.07,0
21600,Earth,9024.97,144.018,0,0.716187,0.0171454,0
21600,Moon,3.83666e+08,2.20635e+07,0,-58.2548,1020.61,0
25200,Earth,12032.6,230.431,0,0.835444,0.0240037,0
25200,Moon,3.83421e+08,2.57357e+07,0,-67.9552,1020.05,0
28800,Earth,15469.3,345.647,0,0.954642,0.0320046,0
28800,Moon,3.83142e+08,2.94055e+07,0,-77.6508,1019.4,0
32400,Earth,19334.9,493.779,0,1.07377,0.0411477,0
32400,Moon,3.82827e+08,3.30726e+07,0,-87.3407,1018.65,0
36000,Earth,23629,678.936,0,1.19282,0.0514325,0
36000,Moon,3.82478e+08,3.67368e+07,0,-97.024,1017.82,0
39600,Earth,28351.4,905.227,0,1.31177,0.0628585,0
39600,Moon,3.82094e+08,4.03976e+07,0,-106.7,1016.89,0
43200,Earth,33501.6,1176.76,0,1.43062,0.0754249,0
43200,Moon,3.81675e+08,4.40547e+07,0,-116.367,1015.86,0
46800,Earth,39079.3,1497.63,0,1.54936,0.089131,0
46800,Moon,3.81221e+08,4.77078e+07,0,-126.025,1014.75,0
50400,Earth,45084,1871.94,0,1.66797,0.103976,0
50400,Moon,3.80733e+08,5.13565e+07,0,-135.673,1013.54,0
54000,Earth,51515.2,2303.79,0,1.78645,0.119958,0
54000,Moon,3.8021e+08,5.50006e+07,0,-145.31,1012.24,0
57600,Earth,58372.4,2797.27,0,1.90478,0.137078,0
57600,Moon,3.79652e+08,5.86397e+07,0,-154.935,1010.85,0
61200,Earth,65655.1,3356.47,0,2.02296,0.155332,0
61200,Moon,3.7906e+08,6.22734e+07,0,-164.548,1009.37,0
64800,Earth,73362.6,3985.46,0,2.14096,0.174721,0
64800,Moon,3.78433e+08,6.59014e+07,0,-174.146,1007.79,0
68400,Earth,81494.2,4688.34,0,2.25879,0.195243,0
68400,Moon,3.77771e+08,6.95234e+07,0,-183.731,1006.12,0
72000,Earth,90049.3,5469.16,0,2.37643,0.216896,0
72000,Moon,3.77075e+08,7.31391e+07,0,-193.299,1004.36,0
75600,Earth,99027.3,6332,0,2.49387,0.239678,0
75600,Moon,3.76345e+08,7.67482e+07,0,-202.852,1002.5,0
79200,Earth,108427,7280.92,0,2.61109,0.263588,0
79200,Moon,3.75581e+08,8.03502e+07,0,-212.387,1000.56,0
82800,Earth,118248,8319.97,0,2.7281,0.288625,0
82800,Moon,3.74782e+08,8.39449e+07,0,-221.904,998.523,0
86400,Earth,128490,9453.2,0,2.84487,0.314785,0
86400,Moon,3.73949e+08,8.75319e+07,0,-231.402,996.395,0
90000,Earth,139151,10684.6,0,2.9614,0.342068,0
90000,Moon,3.73081e+08,9.11109e+07,0,-240.881,994.176,0
93600,Earth,150231,12018.3,0,3.07767,0.370471,0
93600,Moon,3.7218e+08,9.46816e+07,0,-250.339,991.866,0
97200,Earth,161728,13458.3,0,3.19368,0.399992,0
97200,Moon,3.71245e+08,9.82437e+07,0,-259.775,989.465,0
100800,Earth,173642,15008.6,0,3.30941,0.430628,0
100800,Moon,3.70276e+08,1.01797e+08,0,-269.189,986.973,0
104400,Earth,185971,16673.1,0,3.42486,0.462377,0
104400,Moon,3.69273e+08,1.05341e+08,0,-278.579,984.39,0
108000,Earth,198715,18456,0,3.54001,0.495237,0
108000,Moon,3.68236e+08,1.08875e+08,0,-287.945,981.717,0
111600,Earth,211873,20361.1,0,3.65486,0.529204,0
111600,Moon,3.67166e+08,1.12399e+08,0,-297.287,978.954,0
115200,Earth,225442,22392.5,0,3.76938,0.564277,0
115200,Moon,3.66062e+08,1.15913e+08,0,-306.602,976.102,0
118800,Earth,239423,24554.1,0,3.88358,0.600452,0
118800,Moon,3.64925e+08,1.19416e+08,0,-315.891,973.159,0
122400,Earth,253814,26850,0,3.99743,0.637727,0
122400,Moon,3.63755e+08,1.22909e+08,0,-325.152,970.127,0
126000,Earth,268613,29283.9,0,4.11094,0.676098,0
126000,Moon,3.62551e+08,1.2639e+08,0,-334.385,967.006,0
129600,Earth,283820,31859.9,0,4.22408,0.715562,0
129600,Moon,3.61314e+08,1.2986e+08,0,-343.588,963.796,0
133200,Earth,299433,34582,0,4.33686,0.756117,0
133200,Moon,3.60044e+08,1.33317e+08,0,-352.761,960.497,0
136800,Earth,315450,37453.9,0,4.44925,0.797758,0
136800,Moon,3.58741e+08,1.36763e+08,0,-361.903,957.11,0
140400,Earth,331871,40479.6,0,4.56126,0.840482,0
140400,Moon,3.57406e+08,1.40196e+08,0,-371.014,953.635,0
144000,Earth,348693,43663.1,0,4.67285,0.884286,0
144000,Moon,3.56037e+08,1.43616e+08,0,-380.091,950.072,0
147600,Earth,365916,47008.1,0,4.78404,0.929166,0
147600,Moon,3.54636e+08,1.47024e+08,0,-389.135,946.421,0
151200,Earth,383537,50518.5,0,4.8948,0.975119,0
151200,Moon,3.53203e+08,1.50417e+08,0,-398.145,942.684,0
154800,Earth,401555,54198.2,0,5.00513,1.02214,0
154800,Moon,3.51737e+08,1.53797e+08,0,-407.119,938.859,0
158400,Earth,419969,58051,0,5.11502,1.07023,0
158400,Moon,3.5024e+08,1.57163e+08,0,-416.057,934.948,0
162000,Earth,438777,62080.7,0,5.22445,1.11937,0
162000,Moon,3.4871e+08,1.60514e+08,0,-424.958,930.95,0
165600,Earth,457978,66291.2,0,5.33342,1.16957,0
165600,Moon,3.47148e+08,1.63851e+08,0,-433.822,926.867,0
169200,Earth,477569,70686.2,0,5.44191,1.22083,0
169200,Moon,3.45554e+08,1.67173e+08,0,-442.646,922.698,0
172800,Earth,497548,75269.5,0,5.54992,1.27313,0
172800,Moon,3.43929e+08,1.70479e+08,0,-451.432,918.443,0
176400,Earth,517915,80044.8,0,5.65743,1.32648,0
176400,Moon,3.42273e+08,1.7377e+08,0,-460.177,914.104,0
180000,Earth,538667,85015.9,0,5.76444,1.38086,0
180000,Moon,3.40585e+08,1.77045e+08,0,-468.881,909.68,0
183600,Earth,559802,90186.5,0,5.87094,1.43628,0
183600,Moon,3.38866e+08,1.80303e+08,0,-477.543,905.173,0
187200,Earth,581319,95560.3,0,5.9769,1.49273,0
187200,Moon,3.37115e+08,1.83546e+08,0,-486.163,900.581,0
190800,Earth,603216,101141,0,6.08234,1.5502,0
190800,Moon,3.35334e+08,1.86771e+08,0,-494.739,895.906,0
194400,Earth,625490,106932,0,6.18723,1.6087,0
194400,Moon,3.33523e+08,1.89979e+08,0,-503.27,891.148,0
198000,Earth,648139,112938,0,6.29156,1.66821,0
198000,Moon,3.3168e+08,1.9317e+08,0,-511.757,886.308,0
201600,Earth,671163,119161,0,6.39533,1.72872,0
201600,Moon,3.29807e+08,1.96343e+08,0,-520.198,881.385,0
205200,Earth,694557,125606,0,6.49852,1.79025,0
205200,Moon,3.27905e+08,1.99498e+08,0,-528.592,876.381,0
208800,Earth,718321,132276,0,6.60113,1.85277,0
208800,Moon,3.25972e+08,2.02634e+08,0,-536.938,871.296,0
212400,Earth,742453,139175,0,6.70315,1.91628,0
212400,Moon,3.24009e+08,2.05752e+08,0,-545.236,866.129,0
216000,Earth,766949,146306,0,6.80456,1.98078,0
216000,Moon,3.22016e+08,2.08851e+08,0,-553.485,860.882,0
219600,Earth,791808,153672,0,6.90536,2.04627,0
219600,Moon,3.19994e+08,2.11931e+08,0,-561.684,855.556,0
223200,Earth,817028,161278,0,7.00554,2.11273,0
223200,Moon,3.17943e+08,2.14992e+08,0,-569.832,850.15,0
226800,Earth,842607,169127,0,7.10508,2.18017,0
226800,Moon,3.15862e+08,2.18033e+08,0,-577.929,844.665,0
230400,Earth,868541,177221,0,7.20399,2.24857,0
230400,Moon,3.13753e+08,2.21054e+08,0,-585.974,839.101,0
234000,Earth,894829,185566,0,7.30224,2.31793,0
234000,Moon,3.11614e+08,2.24054e+08,0,-593.966,833.459,0
237600,Earth,921468,194164,0,7.39983,2.38824,0
237600,Moon,3.09448e+08,2.27034e+08,0,-601.904,827.74,0
241200,Earth,948457,203018,0,7.49675,2.4595,0
241200,Moon,3.07252e+08,2.29993e+08,0,-609.787,821.944,0
244800,Earth,975791,212132,0,7.59299,2.5317,0
244800,Moon,3.05029e+08,2.32931e+08,0,-617.616,816.071,0
248400,Earth,1.00347e+06,221509,0,7.68854,2.60483,0
248400,Moon,3.02777e+08,2.35847e+08,0,-625.388,810.122,0
252000,Earth,1.03149e+06,231153,0,7.7834,2.6789,0
252000,Moon,3.00498e+08,2.38742e+08,0,-633.103,804.098,0
255600,Earth,1.05985e+06,241067,0,7.87755,2.75388,0
255600,Moon,2.98192e+08,2.41615e+08,0,-640.761,797.999,0
259200,Earth,1.08855e+06,251255,0,7.97098,2.82978,0
259200,Moon,2.95857e+08,2.44465e+08,0,-648.361,791.825,0
262800,Earth,1.11757e+06,261718,0,8.06369,2.90659,0
262800,Moon,2.93496e+08,2.47293e+08,0,-655.902,785.577,0
266400,Earth,1.14693e+06,272462,0,8.15566,2.9843,0
266400,Moon,2.91108e+08,2.50099e+08,0,-663.383,779.256,0
270000,Earth,1.17662e+06,283488,0,8.24689,3.0629,0
270000,Moon,2.88693e+08,2.52881e+08,0,-670.804,772.863,0
273600,Earth,1.20664e+06,294801,0,8.33737,3.1424,0
273600,Moon,2.86252e+08,2.5564e+08,0,-678.164,766.397,0
277200,Earth,1.23698e+06,306403,0,8.4271,3.22277,0
277200,Moon,2.83784e+08,2.58376e+08,0,-685.462,759.859,0
280800,Earth,1.26763e+06,318297,0,8.51605,3.30401,0
280800,Moon,2.8129e+08,2.61087e+08,0,-692.697,753.251,0
284400,Earth,1.29861e+06,330487,0,8.60422,3.38613,0
284400,Moon,2.78771e+08,2.63775e+08,0,-699.869,746.572,0
288000,Earth,1.3299e+06,342976,0,8.69161,3.4691,0
288000,Moon,2.76226e+08,2.66438e+08,0,-706.978,739.823,0
291600,Earth,1.3615e+06,355767,0,8.77821,3.55292,0
291600,Moon,2.73655e+08,2.69077e+08,0,-714.021,733.005,0
295200,Earth,1.39341e+06,368862,0,8.864,3.63759,0
295200,Moon,2.7106e+08,2.71691e+08,0,-721,726.118,0
298800,Earth,1.42563e+06,382265,0,8.94898,3.72309,0
298800,Moon,2.68439e+08,2.7428e+08,0,-727.912,719.163,0
302400,Earth,1.45815e+06,395979,0,9.03314,3.80942,0
302400,Moon,2.65794e+08,2.76844e+08,0,-734.758,712.141,0
306000,Earth,1.49097e+06,410007,0,9.11648,3.89658,0
306000,Moon,2.63125e+08,2.79382e+08,0,-741.536,705.052,0
309600,Earth,1.52408e+06,424351,0,9.19898,3.98454,0
309600,Moon,2.60431e+08,2.81894e+08,0,-748.247,697.896,0
313200,Earth,1.55749e+06,439015,0,9.28063,4.07331,0
313200,Moon,2.57713e+08,2.84381e+08,0,-754.889,690.676,0
316800,Earth,1.59119e+06,454001,0,9.36144,4.16288,0
316800,Moon,2.54972e+08,2.86841e+08,0,-761.461,683.39,0
320400,Earth,1.62518e+06,469313,0,9.44138,4.25324,0
320400,Moon,2.52207e+08,2.89275e+08,0,-767.964,676.04,0
324000,Earth,1.65946e+06,484953,0,9.52046,4.34438,0
324000,Moon,2.49419e+08,2.91682e+08,0,-774.396,668.627,0
327600,Earth,1.69401e+06,500923,0,9.59866,4.43629,0
327600,Moon,2.46609e+08,2.94062e+08,0,-780.757,661.151,0
331200,Earth,1.72884e+06,517228,0,9.67598,4.52897,0
331200,Moon,2.43775e+08,2.96415e+08,0,-787.047,653.612,0
334800,Earth,1.76395e+06,533868,0,9.75241,4.6224,0
334800,Moon,2.4092e+08,2.98741e+08,0,-793.263,646.013,0
338400,Earth,1.79933e+06,550848,0,9.82794,4.71659,0
338400,Moon,2.38042e+08,3.01039e+08,0,-799.407,638.352,0
342000,Earth,1.83498e+06,568169,0,9.90257,4.81151,0
342000,Moon,2.35142e+08,3.03309e+08,0,-805.477,630.631,0
345600,Earth,1.8709e+06,585835,0,9.97628,4.90716,0
345600,Moon,2.32221e+08,3.05551e+08,0,-811.473,622.851,0
349200,Earth,1.90707e+06,603848,0,10.0491,5.00353,0
349200,Moon,2.29278e+08,3.07765e+08,0,-817.394,615.012,0
352800,Earth,1.94351e+06,622210,0,10.1209,5.10061,0
352800,Moon,2.26314e+08,3.09951e+08,0,-823.24,607.115,0
356400,Earth,1.9802e+06,640924,0,10.1919,5.1984,0
356400,Moon,2.2333e+08,3.12108e+08,0,-829.009,599.161,0
360000,Earth,2.01714e+06,659993,0,10.2619,5.29689,0
360000,Moon,2.20325e+08,3.14236e+08,0,-834.702,591.15,0
363600,Earth,2.05433e+06,679419,0,10.3309,5.39606,0
363600,Moon,2.173e+08,3.16335e+08,0,-840.318,583.083,0
367200,Earth,2.09177e+06,699204,0,10.399,5.49591,0
367200,Moon,2.14255e+08,3.18405e+08,0,-845.856,574.961,0
370800,Earth,2.12945e+06,719351,0,10.4661,5.59643,0
370800,Moon,2.1119e+08,3.20445e+08,0,-851.316,566.785,0
374400,Earth,2.16736e+06,739863,0,10.5323,5.69761,0
374400,Moon,2.08106e+08,3.22456e+08,0,-856.698,558.555,0
378000,Earth,2.20552e+06,760741,0,10.5975,5.79943,0
378000,Moon,2.05003e+08,3.24437e+08,0,-861.999,550.273,0
381600,Earth,2.2439e+06,781988,0,10.6617,5.9019,0
381600,Moon,2.01881e+08,3.26388e+08,0,-867.221,541.938,0
385200,Earth,2.28251e+06,803606,0,10.7249,6.00499,0
385200,Moon,1.9874e+08,3.28309e+08,0,-872.363,533.552,0
388800,Earth,2.32134e+06,825597,0,10.7871,6.10871,0
388800,Moon,1.95582e+08,3.30199e+08,0,-877.424,525.116,0
392400,Earth,2.36039e+06,847964,0,10.8483,6.21304,0
392400,Moon,1.92405e+08,3.32059e+08,0,-882.403,516.63,0
396000,Earth,2.39967e+06,870709,0,10.9085,6.31798,0
396000,Moon,1.89211e+08,3.33888e+08,0,-887.301,508.094,0
399600,Earth,2.43915e+06,893833,0,10.9677,6.4235,0
399600,Moon,1.85999e+08,3.35687e+08,0,-892.116,499.511,0
403200,Earth,2.47884e+06,917340,0,11.0259,6.52961,0
403200,Moon,1.8277e+08,3.37454e+08,0,-896.848,490.88,0
406800,Earth,2.51874e+06,941231,0,11.083,6.63629,0
406800,Moon,1.79525e+08,3.3919e+08,0,-901.496,482.202,0
410400,Earth,2.55884e+06,965507,0,11.1392,6.74354,0
410400,Moon,1.76263e+08,3.40894e+08,0,-906.061,473.479,0
414000,Earth,2.59914e+06,990172,0,11.1942,6.85134,0
414000,Moon,1.72985e+08,3.42567e+08,0,-910.542,464.711,0
417600,Earth,2.63964e+06,1.01523e+06,0,11.2483,6.95968,0
417600,Moon,1.69691e+08,3.44208e+08,0,-914.938,455.898,0
421200,Earth,2.68032e+06,1.04067e+06,0,11.3013,7.06855,0
421200,Moon,1.66382e+08,3.45818e+08,0,-919.249,447.042,0
424800,Earth,2.72119e+06,1.06651e+06,0,11.3532,7.17795,0
424800,Moon,1.63058e+08,3.47395e+08,0,-923.474,438.144,0
428400,Earth,2.76225e+06,1.09275e+06,0,11.4041,7.28786,0
428400,Moon,1.59718e+08,3.4894e+08,0,-927.613,429.204,0
432000,Earth,2.80348e+06,1.11938e+06,0,11.4539,7.39827,0
432000,Moon,1.56364e+08,3.50453e+08,0,-931.665,420.223,0
435600,Earth,2.84489e+06,1.14642e+06,0,11.5027,7.50918,0
435600,Moon,1.52996e+08,3.51933e+08,0,-935.63,411.202,0
439200,Earth,2.88647e+06,1.17385e+06,0,11.5504,7.62057,0
439200,Moon,1.49614e+08,3.53381e+08,0,-939.509,402.141,0
442800,Earth,2.92822e+06,1.20169e+06,0,11.597,7.73243,0
442800,Moon,1.46218e+08,3.54796e+08,0,-943.299,393.043,0
446400,Earth,2.97013e+06,1.22993e+06,0,11.6425,7.84475,0
446400,Moon,1.42809e+08,3.56178e+08,0,-947.001,383.906,0
450000,Earth,3.01221e+06,1.25858e+06,0,11.6869,7.95752,0
450000,Moon,1.39386e+08,3.57527e+08,0,-950.615,374.734,0
453600,Earth,3.05443e+06,1.28763e+06,0,11.7302,8.07073,0
453600,Moon,1.35952e+08,3.58843e+08,0,-954.14,365.525,0
457200,Earth,3.09682e+06,1.31709e+06,0,11.7725,8.18437,0
457200,Moon,1.32504e+08,3.60126e+08,0,-957.576,356.281,0
460800,Earth,3.13934e+06,1.34697e+06,0,11.8136,8.29843,0
460800,Moon,1.29045e+08,3.61375e+08,0,-960.922,347.003,0
464400,Earth,3.18202e+06,1.37726e+06,0,11.8536,8.4129,0
464400,Moon,1.25574e+08,3.62591e+08,0,-964.178,337.693,0
468000,Earth,3.22483e+06,1.40796e+06,0,11.8926,8.52777,0
468000,Moon,1.22091e+08,3.63773e+08,0,-967.344,328.349,0
471600,Earth,3.26778e+06,1.43907e+06,0,11.9304,8.64302,0
471600,Moon,1.18598e+08,3.64921e+08,0,-970.419,318.975,0
475200,Earth,3.31086e+06,1.4706e+06,0,11.9671,8.75865,0
475200,Moon,1.15094e+08,3.66035e+08,0,-973.403,309.569,0
478800,Earth,3.35407e+06,1.50255e+06,0,12.0026,8.87465,0
478800,Moon,1.11579e+08,3.67116e+08,0,-976.296,300.134,0
482400,Earth,3.3974e+06,1.53492e+06,0,12.0371,8.991,0
482400,Moon,1.08054e+08,3.68162e+08,0,-979.098,290.67,0
486000,Earth,3.44086e+06,1.56771e+06,0,12.0704,9.10769,0
486000,Moon,1.0452e+08,3.69174e+08,0,-981.807,281.179,0
489600,Earth,3.48443e+06,1.60091e+06,0,12.1026,9.22471,0
489600,Moon,1.00976e+08,3.70152e+08,0,-984.425,271.66,0
493200,Earth,3.52811e+06,1.63455e+06,0,12.1336,9.34206,0
493200,Moon,9.74229e+07,3.71096e+08,0,-986.95,262.115,0
496800,Earth,3.5719e+06,1.6686e+06,0,12.1635,9.45971,0
496800,Moon,9.38611e+07,3.72005e+08,0,-989.382,252.545,0
500400,Earth,3.61579e+06,1.70308e+06,0,12.1923,9.57767,0
500400,Moon,9.02909e+07,3.7288e+08,0,-991.721,242.95,0
504000,Earth,3.65978e+06,1.73799e+06,0,12.2199,9.69591,0
504000,Moon,8.67126e+07,3.7372e+08,0,-993.967,233.332,0
507600,Earth,3.70387e+06,1.77332e+06,0,12.2463,9.81443,0
507600,Moon,8.31266e+07,3.74525e+08,0,-996.119,223.692,0
511200,Earth,3.74805e+06,1.80908e+06,0,12.2716,9.93321,0
511200,Moon,7.95331e+07,3.75296e+08,0,-998.178,214.03,0
514800,Earth,3.79231e+06,1.84527e+06,0,12.2958,10.0523,0
514800,Moon,7.59326e+07,3.76031e+08,0,-1000.14,204.347,0
518400,Earth,3.83666e+06,1.88188e+06,0,12.3188,10.1715,0
518400,Moon,7.23254e+07,3.76732e+08,0,-1002.01,194.645,0
522000,Earth,3.88108e+06,1.91893e+06,0,12.3406,10.291,0
522000,Moon,6.87117e+07,3.77398e+08,0,-1003.79,184.924,0
525600,Earth,3.92558e+06,1.95641e+06,0,12.3613,10.4108,0
525600,Moon,6.5092e+07,3.78028e+08,0,-1005.47,175.185,0
529200,Earth,3.97016e+06,1.99432e+06,0,12.3808,10.5307,0
529200,Moon,6.14666e+07,3.78624e+08,0,-1007.06,165.429,0
532800,Earth,4.01479e+06,2.03266e+06,0,12.3991,10.6509,0
532800,Moon,5.78359e+07,3.79184e+08,0,-1008.55,155.656,0
536400,Earth,4.05949e+06,2.07144e+06,0,12.4163,10.7712,0
536400,Moon,5.42e+07,3.79709e+08,0,-1009.95,145.869,0
540000,Earth,4.10425e+06,2.11065e+06,0,12.4323,10.8917,0
540000,Moon,5.05596e+07,3.80199e+08,0,-1011.25,136.068,0
543600,Earth,4.14906e+06,2.15029e+06,0,12.4471,11.0124,0
543600,Moon,4.69147e+07,3.80654e+08,0,-1012.45,126.253,0
547200,Earth,4.19392e+06,2.19037e+06,0,12.4608,11.1332,0
547200,Moon,4.32659e+07,3.81073e+08,0,-1013.56,116.426,0
550800,Earth,4.23882e+06,2.23089e+06,0,12.4733,11.2541,0
550800,Moon,3.96134e+07,3.81457e+08,0,-1014.58,106.587,0
554400,Earth,4.28376e+06,2.27184e+06,0,12.4846,11.3752,0
554400,Moon,3.59576e+07,3.81805e+08,0,-1015.5,96.7384,0
558000,Earth,4.32874e+06,2.31323e+06,0,12.4947,11.4964,0
558000,Moon,3.22989e+07,3.82118e+08,0,-1016.32,86.88,0
561600,Earth,4.37376e+06,2.35505e+06,0,12.5036,11.6177,0
561600,Moon,2.86375e+07,3.82395e+08,0,-1017.05,77.013,0
565200,Earth,4.4188e+06,2.39731e+06,0,12.5114,11.7391,0
565200,Moon,2.49739e+07,3.82637e+08,0,-1017.68,67.1384,0
568800,Earth,4.46386e+06,2.44001e+06,0,12.5179,11.8606,0
568800,Moon,2.13083e+07,3.82843e+08,0,-1018.21,57.2571,0
572400,Earth,4.50895e+06,2.48314e+06,0,12.5233,11.9821,0
572400,Moon,1.76412e+07,3.83013e+08,0,-1018.65,47.3701,0
576000,Earth,4.55405e+06,2.52672e+06,0,12.5275,12.1037,0
576000,Moon,1.39728e+07,3.83148e+08,0,-1018.99,37.4783,0
579600,Earth,4.59916e+06,2.57073e+06,0,12.5305,12.2254,0
579600,Moon,1.03036e+07,3.83247e+08,0,-1019.24,27.5827,0
583200,Earth,4.64427e+06,2.61518e+06,0,12.5323,12.3471,0
583200,Moon,6.63378e+06,3.83311e+08,0,-1019.38,17.6842,0
586800,Earth,4.68939e+06,2.66007e+06,0,12.533,12.4688,0
586800,Moon,2.96381e+06,3.83339e+08,0,-1019.44,7.78378,0
590400,Earth,4.73451e+06,2.70539e+06,0,12.5324,12.5905,0
590400,Moon,-705991,3.83332e+08,0,-1019.39,-2.11761,0
594000,Earth,4.77962e+06,2.75116e+06,0,12.5307,12.7123,0
594000,Moon,-4.37529e+06,3.83288e+08,0,-1019.25,-12.019,0
597600,Earth,4.82472e+06,2.79736e+06,0,12.5278,12.834,0
597600,Moon,-8.04372e+06,3.83209e+08,0,-1019.01,-21.9195,0
601200,Earth,4.8698e+06,2.844e+06,0,12.5236,12.9557,0
601200,Moon,-1.1711e+07,3.83095e+08,0,-1018.68,-31.8182,0
604800,Earth,4.91487e+06,2.89108e+06,0,12.5183,13.0773,0
604800,Moon,-1.53766e+07,3.82945e+08,0,-1018.24,-41.7139,0
608400,Earth,4.95991e+06,2.93859e+06,0,12.5118,13.199,0
608400,Moon,-1.90404e+07,3.82759e+08,0,-1017.72,-51.6059,0
612000,Earth,5.00493e+06,2.98655e+06,0,12.5042,13.3205,0
612000,Moon,-2.27019e+07,3.82537e+08,0,-1017.09,-61.4932,0
615600,Earth,5.04991e+06,3.03494e+06,0,12.4953,13.442,0
615600,Moon,-2.63609e+07,3.82281e+08,0,-1016.37,-71.3748,0
619200,Earth,5.09486e+06,3.08377e+06,0,12.4852,13.5634,0
619200,Moon,-3.00169e+07,3.81988e+08,0,-1015.55,-81.2497,0
622800,Earth,5.13976e+06,3.13303e+06,0,12.474,13.6847,0
622800,Moon,-3.36696e+07,3.8166e+08,0,-1014.64,-91.117,0
626400,Earth,5.18463e+06,3.18273e+06,0,12.4616,13.8059,0
626400,Moon,-3.73186e+07,3.81297e+08,0,-1013.63,-100.976,0
630000,Earth,5.22944e+06,3.23287e+06,0,12.448,13.927,0
630000,Moon,-4.09637e+07,3.80898e+08,0,-1012.52,-110.825,0
633600,Earth,5.2742e+06,3.28344e+06,0,12.4332,14.048,0
633600,Moon,-4.46044e+07,3.80463e+08,0,-1011.32,-120.664,0
637200,Earth,5.3189e+06,3.33445e+06,0,12.4172,14.1688,0
637200,Moon,-4.82405e+07,3.79993e+08,0,-1010.02,-130.491,0
640800,Earth,5.36354e+06,3.38589e+06,0,12.4,14.2894,0
640800,Moon,-5.18715e+07,3.79488e+08,0,-1008.62,-140.306,0
644400,Earth,5.40811e+06,3.43777e+06,0,12.3817,14.4099,0
644400,Moon,-5.54972e+07,3.78948e+08,0,-1007.13,-150.108,0
648000,Earth,5.45262e+06,3.49008e+06,0,12.3622,14.5303,0
648000,Moon,-5.91171e+07,3.78372e+08,0,-1005.54,-159.895,0
651600,Earth,5.49705e+06,3.54282e+06,0,12.3415,14.6504,0
651600,Moon,-6.2731e+07,3.77761e+08,0,-1003.86,-169.668,0
655200,Earth,5.5414e+06,3.59599e+06,0,12.3196,14.7703,0
655200,Moon,-6.63385e+07,3.77116e+08,0,-1002.08,-179.424,0
658800,Earth,5.58566e+06,3.6496e+06,0,12.2966,14.8901,0
658800,Moon,-6.99393e+07,3.76435e+08,0,-1000.21,-189.163,0
662400,Earth,5.62985e+06,3.70363e+06,0,12.2724,15.0096,0
662400,Moon,-7.35329e+07,3.75719e+08,0,-998.237,-198.883,0
666000,Earth,5.67393e+06,3.7581e+06,0,12.247,15.1289,0
666000,Moon,-7.71191e+07,3.74968e+08,0,-996.172,-208.585,0
669600,Earth,5.71793e+06,3.81299e+06,0,12.2204,15.2479,0
669600,Moon,-8.06976e+07,3.74182e+08,0,-994.013,-218.267,0
673200,Earth,5.76182e+06,3.86831e+06,0,12.1927,15.3667,0
673200,Moon,-8.42679e+07,3.73361e+08,0,-991.759,-227.928,0
676800,Earth,5.80561e+06,3.92405e+06,0,12.1638,15.4852,0
676800,Moon,-8.78298e+07,3.72506e+08,0,-989.41,-237.568,0
680400,Earth,5.84929e+06,3.98023e+06,0,12.1338,15.6034,0
680400,Moon,-9.13829e+07,3.71616e+08,0,-986.967,-247.184,0
684000,Earth,5.89286e+06,4.03682e+06,0,12.1026,15.7213,0
684000,Moon,-9.49268e+07,3.70692e+08,0,-984.43,-256.777,0
687600,Earth,5.93632e+06,4.09384e+06,0,12.0703,15.839,0
687600,Moon,-9.84613e+07,3.69733e+08,0,-981.799,-266.345,0
691200,Earth,5.97965e+06,4.15129e+06,0,12.0368,15.9563,0
691200,Moon,-1.01986e+08,3.6874e+08,0,-979.074,-275.888,0
694800,Earth,6.02286e+06,4.20915e+06,0,12.0021,16.0733,0
694800,Moon,-1.055e+08,3.67712e+08,0,-976.256,-285.404,0
698400,Earth,6.06593e+06,4.26743e+06,0,11.9663,16.1899,0
698400,Moon,-1.09005e+08,3.66651e+08,0,-973.345,-294.893,0
702000,Earth,6.10888e+06,4.32614e+06,0,11.9294,16.3062,0
702000,Moon,-1.12498e+08,3.65555e+08,0,-970.341,-304.353,0
705600,Earth,6.15169e+06,4.38526e+06,0,11.8913,16.4222,0
705600,Moon,-1.1598e+08,3.64425e+08,0,-967.244,-313.785,0
709200,Earth,6.19436e+06,4.44479e+06,0,11.8521,16.5378,0
709200,Moon,-1.1945e+08,3.63262e+08,0,-964.055,-323.186,0
712800,Earth,6.23688e+06,4.50474e+06,0,11.8118,16.653,0
712800,Moon,-1.22909e+08,3.62065e+08,0,-960.774,-332.555,0
716400,Earth,6.27925e+06,4.56511e+06,0,11.7703,16.7678,0
716400,Moon,-1.26356e+08,3.60834e+08,0,-957.401,-341.893,0
720000,Earth,6.32147e+06,4.62588e+06,0,11.7277,16.8822,0
720000,Moon,-1.2979e+08,3.5957e+08,0,-953.937,-351.198,0
723600,Earth,6.36353e+06,4.68707e+06,0,11.684,16.9961,0
723600,Moon,-1.33211e+08,3.58272e+08,0,-950.382,-360.469,0
727200,Earth,6.40544e+06,4.74866e+06,0,11.6392,17.1097,0
727200,Moon,-1.3662e+08,3.56941e+08,0,-946.736,-369.706,0
730800,Earth,6.44717e+06,4.81067e+06,0,11.5933,17.2228,0
730800,Moon,-1.40014e+08,3.55577e+08,0,-943,-378.907,0
734400,Earth,6.48874e+06,4.87307e+06,0,11.5462,17.3355,0
734400,Moon,-1.43395e+08,3.5418e+08,0,-939.173,-388.071,0
738000,Earth,6.53013e+06,4.93588e+06,0,11.4981,17.4477,0
738000,Moon,-1.46762e+08,3.5275e+08,0,-935.257,-397.198,0
741600,Earth,6.57135e+06,4.9991e+06,0,11.4488,17.5594,0
741600,Moon,-1.50115e+08,3.51287e+08,0,-931.251,-406.286,0
745200,Earth,6.61238e+06,5.06271e+06,0,11.3985,17.6707,0
745200,Moon,-1.53453e+08,3.49792e+08,0,-927.157,-415.336,0
748800,Earth,6.65323e+06,5.12673e+06,0,11.3471,17.7814,0
748800,Moon,-1.56775e+08,3.48265e+08,0,-922.974,-424.345,0
752400,Earth,6.69389e+06,5.19114e+06,0,11.2946,17.8917,0
752400,Moon,-1.60083e+08,3.46705e+08,0,-918.702,-433.313,0
756000,Earth,6.73436e+06,5.25594e+06,0,11.241,18.0014,0
756000,Moon,-1.63374e+08,3.45113e+08,0,-914.343,-442.24,0
759600,Earth,6.77463e+06,5.32114e+06,0,11.1863,18.1106,0
759600,Moon,-1.6665e+08,3.43488e+08,0,-909.896,-451.123,0
763200,Earth,6.8147e+06,5.38673e+06,0,11.1306,18.2193,0
763200,Moon,-1.69909e+08,3.41833e+08,0,-905.363,-459.964,0
766800,Earth,6.85457e+06,5.45271e+06,0,11.0738,18.3275,0
766800,Moon,-1.73152e+08,3.40145e+08,0,-900.743,-468.759,0
770400,Earth,6.89422e+06,5.51907e+06,0,11.0159,18.435,0
770400,Moon,-1.76378e+08,3.38426e+08,0,-896.037,-477.51,0
774000,Earth,6.93367e+06,5.58583e+06,0,10.957,18.542,0
774000,Moon,-1.79586e+08,3.36676e+08,0,-891.245,-486.214,0
777600,Earth,6.9729e+06,5.65296e+06,0,10.897,18.6485,0
777600,Moon,-1.82777e+08,3.34894e+08,0,-886.368,-494.871,0
781200,Earth,7.01191e+06,5.72048e+06,0,10.836,18.7543,0
781200,Moon,-1.8595e+08,3.33082e+08,0,-881.406,-503.48,0
784800,Earth,7.05069e+06,5.78837e+06,0,10.774,18.8596,0
784800,Moon,-1.89105e+08,3.31238e+08,0,-876.36,-512.041,0
788400,Earth,7.08925e+06,5.85664e+06,0,10.7109,18.9642,0
788400,Moon,-1.92241e+08,3.29364e+08,0,-871.23,-520.552,0
792000,Earth,7.12758e+06,5.92529e+06,0,10.6468,19.0682,0
792000,Moon,-1.95359e+08,3.2746e+08,0,-866.017,-529.013,0
795600,Earth,7.16568e+06,5.9943e+06,0,10.5817,19.1716,0
795600,Moon,-1.98458e+08,3.25525e+08,0,-860.721,-537.422,0
799200,Earth,7.20353e+06,6.06369e+06,0,10.5156,19.2743,0
799200,Moon,-2.01537e+08,3.2356e+08,0,-855.343,-545.78,0
802800,Earth,7.24115e+06,6.13345e+06,0,10.4485,19.3764,0
802800,Moon,-2.04597e+08,3.21566e+08,0,-849.883,-554.084,0
806400,Earth,7.27852e+06,6.20357e+06,0,10.3804,19.4779,0
806400,Moon,-2.07636e+08,3.19541e+08,0,-844.342,-562.335,0
810000,Earth,7.31564e+06,6.27405e+06,0,10.3113,19.5787,0
810000,Moon,-2.10656e+08,3.17487e+08,0,-838.72,-570.532,0
813600,Earth,7.3525e+06,6.34489e+06,0,10.2412,19.6787,0
813600,Moon,-2.13654e+08,3.15404e+08,0,-833.018,-578.673,0
817200,Earth,7.38912e+06,6.4161e+06,0,10.1701,19.7781,0
817200,Moon,-2.16632e+08,3.13292e+08,0,-827.236,-586.759,0
820800,Earth,7.42547e+06,6.48765e+06,0,10.098,19.8768,0
820800,Moon,-2.19589e+08,3.1115e+08,0,-821.375,-594.787,0
824400,Earth,7.46156e+06,6.55956e+06,0,10.025,19.9748,0
824400,Moon,-2.22525e+08,3.08981e+08,0,-815.436,-602.758,0
828000,Earth,7.49738e+06,6.63182e+06,0,9.95102,20.0721,0
828000,Moon,-2.25439e+08,3.06782e+08,0,-809.419,-610.67,0
831600,Earth,7.53294e+06,6.70443e+06,0,9.8761,20.1687,0
831600,Moon,-2.28331e+08,3.04555e+08,0,-803.324,-618.523,0
835200,Earth,7.56822e+06,6.77738e+06,0,9.80023,20.2645,0
835200,Moon,-2.31201e+08,3.02301e+08,0,-797.153,-626.316,0
838800,Earth,7.60322e+06,6.85067e+06,0,9.72342,20.3595,0
838800,Moon,-2.34048e+08,3.00018e+08,0,-790.905,-634.049,0
842400,Earth,7.63795e+06,6.92431e+06,0,9.64569,20.4538,0
842400,Moon,-2.36872e+08,2.97708e+08,0,-784.582,-641.72,0
846000,Earth,7.67239e+06,6.99828e+06,0,9.56703,20.5474,0
846000,Moon,-2.39674e+08,2.9537e+08,0,-778.184,-649.329,0
849600,Earth,7.70654e+06,7.07258e+06,0,9.48746,20.6401,0
849600,Moon,-2.42452e+08,2.93006e+08,0,-771.712,-656.874,0
853200,Earth,7.74041e+06,7.14722e+06,0,9.40698,20.7321,0
853200,Moon,-2.45207e+08,2.90614e+08,0,-765.166,-664.357,0
856800,Earth,7.77398e+06,7.22218e+06,0,9.32561,20.8233,0
856800,Moon,-2.47937e+08,2.88196e+08,0,-758.547,-671.774,0
860400,Earth,7.80726e+06,7.29747e+06,0,9.24334,20.9137,0
860400,Moon,-2.50644e+08,2.85751e+08,0,-751.855,-679.127,0
864000,Earth,7.84023e+06,7.37308e+06,0,9.16019,21.0033,0
864000,Moon,-2.53326e+08,2.8328e+08,0,-745.092,-686.414,0
867600,Earth,7.87291e+06,7.44902e+06,0,9.07617,21.0921,0
867600,Moon,-2.55984e+08,2.80783e+08,0,-738.258,-693.634,0
871200,Earth,7.90528e+06,7.52526e+06,0,8.99128,21.18,0
871200,Moon,-2.58617e+08,2.7826e+08,0,-731.353,-700.787,0
874800,Earth,7.93734e+06,7.60183e+06,0,8.90553,21.2671,0
874800,Moon,-2.61225e+08,2.75711e+08,0,-724.378,-707.871,0
878400,Earth,7.96908e+06,7.6787e+06,0,8.81894,21.3534,0
878400,Moon,-2.63807e+08,2.73138e+08,0,-717.335,-714.888,0
882000,Earth,8.00052e+06,7.75588e+06,0,8.7315,21.4388,0
882000,Moon,-2.66364e+08,2.70539e+08,0,-710.222,-721.834,0
885600,Earth,8.03163e+06,7.83336e+06,0,8.64323,21.5233,0
885600,Moon,-2.68895e+08,2.67916e+08,0,-703.043,-728.711,0
889200,Earth,8.06243e+06,7.91115e+06,0,8.55414,21.607,0
889200,Moon,-2.714e+08,2.65268e+08,0,-695.796,-735.517,0
892800,Earth,8.0929e+06,7.98923e+06,0,8.46423,21.6898,0
892800,Moon,-2.73878e+08,2.62596e+08,0,-688.482,-742.252,0
896400,Earth,8.12304e+06,8.06761e+06,0,8.37351,21.7717,0
896400,Moon,-2.7633e+08,2.599e+08,0,-681.104,-748.915,0
900000,Earth,8.15286e+06,8.14628e+06,0,8.282,21.8527,0
900000,Moon,-2.78755e+08,2.5718e+08,0,-673.66,-755.505,0
903600,Earth,8.18234e+06,8.22524e+06,0,8.1897,21.9328,0
903600,Moon,-2.81154e+08,2.54437e+08,0,-666.152,-762.022,0
907200,Earth,8.21149e+06,8.30448e+06,0,8.09662,22.012,0
907200,Moon,-2.83524e+08,2.5167e+08,0,-658.581,-768.464,0
910800,Earth,8.2403e+06,8.384e+06,0,8.00276,22.0903,0
910800,Moon,-2.85868e+08,2.48881e+08,0,-650.947,-774.833,0
914400,Earth,8.26877e+06,8.46381e+06,0,7.90815,22.1677,0
914400,Moon,-2.88184e+08,2.46069e+08,0,-643.251,-781.126,0
918000,Earth,8.29689e+06,8.54389e+06,0,7.81278,22.2441,0
918000,Moon,-2.90471e+08,2.43234e+08,0,-635.494,-787.343,0
921600,Earth,8.32467e+06,8.62424e+06,0,7.71667,22.3196,0
921600,Moon,-2.92731e+08,2.40378e+08,0,-627.676,-793.484,0
925200,Earth,8.35211e+06,8.70486e+06,0,7.61983,22.3942,0
925200,Moon,-2.94962e+08,2.37499e+08,0,-619.799,-799.548,0
928800,Earth,8.37919e+06,8.78574e+06,0,7.52226,22.4678,0
928800,Moon,-2.97165e+08,2.34599e+08,0,-611.862,-805.534,0
932400,Earth,8.40591e+06,8.86689e+06,0,7.42398,22.5404,0
932400,Moon,-2.99339e+08,2.31678e+08,0,-603.868,-811.443,0
936000,Earth,8.43228e+06,8.94829e+06,0,7.32499,22.6121,0
936000,Moon,-3.01484e+08,2.28736e+08,0,-595.816,-817.272,0
939600,Earth,8.45829e+06,9.02995e+06,0,7.22531,22.6828,0
939600,Moon,-3.036e+08,2.25773e+08,0,-587.708,-823.022,0
943200,Earth,8.48394e+06,9.11186e+06,0,7.12494,22.7525,0
943200,Moon,-3.05686e+08,2.2279e+08,0,-579.544,-828.693,0
946800,Earth,8.50923e+06,9.19401e+06,0,7.0239,22.8212,0
946800,Moon,-3.07743e+08,2.19786e+08,0,-571.325,-834.283,0
950400,Earth,8.53415e+06,9.27641e+06,0,6.92218,22.8889,0
950400,Moon,-3.0977e+08,2.16763e+08,0,-563.052,-839.792,0
954000,Earth,8.5587e+06,9.35905e+06,0,6.81982,22.9557,0
954000,Moon,-3.11767e+08,2.1372e+08,0,-554.726,-845.22,0
957600,Earth,8.58288e+06,9.44193e+06,0,6.71681,23.0214,0
957600,Moon,-3.13734e+08,2.10658e+08,0,-546.347,-850.565,0
961200,Earth,8.60669e+06,9.52504e+06,0,6.61316,23.0861,0
961200,Moon,-3.1567e+08,2.07577e+08,0,-537.916,-855.828,0
964800,Earth,8.63012e+06,9.60838e+06,0,6.50888,23.1498,0
964800,Moon,-3.17576e+08,2.04478e+08,0,-529.434,-861.009,0
968400,Earth,8.65317e+06,9.69194e+06,0,6.40399,23.2124,0
968400,Moon,-3.19451e+08,2.0136e+08,0,-520.902,-866.105,0
972000,Earth,8.67585e+06,9.77573e+06,0,6.2985,23.2741,0
972000,Moon,-3.21296e+08,1.98224e+08,0,-512.321,-871.118,0
975600,Earth,8.69814e+06,9.85974e+06,0,6.19241,23.3347,0
975600,Moon,-3.23109e+08,1.9507e+08,0,-503.692,-876.046,0
979200,Earth,8.72005e+06,9.94395e+06,0,6.08573,23.3942,0
979200,Moon,-3.24891e+08,1.91899e+08,0,-495.015,-880.89,0
982800,Earth,8.74157e+06,1.00284e+07,0,5.97848,23.4527,0
982800,Moon,-3.26642e+08,1.8871e+08,0,-486.291,-885.648,0
986400,Earth,8.76271e+06,1.0113e+07,0,5.87067,23.5101,0
986400,Moon,-3.28361e+08,1.85505e+08,0,-477.522,-890.32,0
990000,Earth,8.78345e+06,1.01979e+07,0,5.7623,23.5665,0
990000,Moon,-3.30048e+08,1.82284e+08,0,-468.707,-894.906,0
993600,Earth,8.8038e+06,1.02829e+07,0,5.65339,23.6218,0
993600,Moon,-3.31704e+08,1.79046e+08,0,-459.848,-899.405,0
997200,Earth,8.82376e+06,1.03681e+07,0,5.54395,23.6761,0
997200,Moon,-3.33327e+08,1.75792e+08,0,-450.946,-903.817,0
1.0008e+06,Earth,8.84332e+06,1.04536e+07,0,5.43399,23.7292,0
1.0008e+06,Moon,-3.34918e+08,1.72523e+08,0,-442.002,-908.141,0
1.0044e+06,Earth,8.86249e+06,1.05392e+07,0,5.32352,23.7813,0
1.0044e+06,Moon,-3.36477e+08,1.69238e+08,0,-433.016,-912.378,0
1.008e+06,Earth,8.88125e+06,1.0625e+07,0,5.21255,23.8323,0
1.008e+06,Moon,-3.38003e+08,1.65939e+08,0,-423.99,-916.526,0
1.0116e+06,Earth,8.89962e+06,1.07109e+07,0,5.10108,23.8822,0
1.0116e+06,Moon,-3.39497e+08,1.62625e+08,0,-414.923,-920.585,0
1.0152e+06,Earth,8.91758e+06,1.07971e+07,0,4.98914,23.931,0
1.0152e+06,Moon,-3.40958e+08,1.59296e+08,0,-405.818,-924.555,0
1.0188e+06,Earth,8.93514e+06,1.08834e+07,0,4.87674,23.9787,0
1.0188e+06,Moon,-3.42386e+08,1.55954e+08,0,-396.675,-928.436,0
1.0224e+06,Earth,8.95229e+06,1.09699e+07,0,4.76387,24.0253,0
1.0224e+06,Moon,-3.43781e+08,1.52598e+08,0,-387.495,-932.227,0
1.026e+06,Earth,8.96903e+06,1.10566e+07,0,4.65057,24.0708,0
1.026e+06,Moon,-3.45143e+08,1.49228e+08,0,-378.278,-935.928,0
1.0296e+06,Earth,8.98536e+06,1.11434e+07,0,4.53682,24.1152,0
1.0296e+06,Moon,-3.46471e+08,1.45846e+08,0,-369.026,-939.538,0
1.0332e+06,Earth,9.00128e+06,1.12303e+07,0,4.42266,24.1585,0
1.0332e+06,Moon,-3.47766e+08,1.42451e+08,0,-359.74,-943.057,0
1.0368e+06,Earth,9.01679e+06,1.13175e+07,0,4.30808,24.2006,0
1.0368e+06,Moon,-3.49028e+08,1.39044e+08,0,-350.42,-946.484,0
1.0404e+06,Earth,9.03189e+06,1.14047e+07,0,4.1931,24.2416,0
1.0404e+06,Moon,-3.50256e+08,1.35624e+08,0,-341.068,-949.821,0
1.044e+06,Earth,9.04657e+06,1.14922e+07,0,4.07774,24.2815,0
1.044e+06,Moon,-3.5145e+08,1.32193e+08,0,-331.684,-953.065,0
1.0476e+06,Earth,9.06083e+06,1.15797e+07,0,3.96199,24.3203,0
1.0476e+06,Moon,-3.5261e+08,1.28751e+08,0,-322.269,-956.217,0
1.0512e+06,Earth,9.07467e+06,1.16674e+07,0,3.84588,24.3579,0
1.0512e+06,Moon,-3.53736e+08,1.25298e+08,0,-312.825,-959.277,0
1.0548e+06,Earth,9.0881e+06,1.17552e+07,0,3.72941,24.3944,0
1.0548e+06,Moon,-3.54828e+08,1.21834e+08,0,-303.351,-962.244,0
1.0584e+06,Earth,9.10111e+06,1.18432e+07,0,3.6126,24.4297,0
1.0584e+06,Moon,-3.55886e+08,1.18359e+08,0,-293.85,-965.118,0
1.062e+06,Earth,9.11369e+06,1.19312e+07,0,3.49546,24.4639,0
1.062e+06,Moon,-3.5691e+08,1.14875e+08,0,-284.321,-967.899,0
1.0656e+06,Earth,9.12585e+06,1.20194e+07,0,3.37799,24.4969,0
1.0656e+06,Moon,-3.57899e+08,1.11381e+08,0,-274.767,-970.586,0
1.0692e+06,Earth,9.13759e+06,1.21077e+07,0,3.26021,24.5288,0
1.0692e+06,Moon,-3.58853e+08,1.07877e+08,0,-265.187,-973.18,0
1.0728e+06,Earth,9.1489e+06,1.21961e+07,0,3.14214,24.5595,0
1.0728e+06,Moon,-3.59774e+08,1.04365e+08,0,-255.582,-975.679,0
1.0764e+06,Earth,9.15978e+06,1.22847e+07,0,3.02378,24.5891,0
1.0764e+06,Moon,-3.60659e+08,1.00844e+08,0,-245.955,-978.084,0
1.08e+06,Earth,9.17024e+06,1.23733e+07,0,2.90514,24.6175,0
1.08e+06,Moon,-3.6151e+08,9.73141e+07,0,-236.305,-980.395,0
1.0836e+06,Earth,9.18027e+06,1.2462e+07,0,2.78624,24.6448,0
1.0836e+06,Moon,-3.62326e+08,9.37767e+07,0,-226.633,-982.612,0
1.0872e+06,Earth,9.18987e+06,1.25508e+07,0,2.66709,24.6709,0
1.0872e+06,Moon,-3.63107e+08,9.02317e+07,0,-216.942,-984.733,0
1.0908e+06,Earth,9.19905e+06,1.26397e+07,0,2.54769,24.6958,0
1.0908e+06,Moon,-3.63853e+08,8.66794e+07,0,-207.23,-986.759,0
1.0944e+06,Earth,9.20779e+06,1.27287e+07,0,2.42807,24.7195,0
1.0944e+06,Moon,-3.64564e+08,8.31201e+07,0,-197.5,-988.69,0
1.098e+06,Earth,9.2161e+06,1.28178e+07,0,2.30823,24.7421,0
1.098e+06,Moon,-3.65239e+08,7.95542e+07,0,-187.752,-990.526,0
1.1016e+06,Earth,9.22397e+06,1.29069e+07,0,2.18818,24.7635,0
1.1016e+06,Moon,-3.6588e+08,7.5982e+07,0,-177.987,-992.266,0
1.1052e+06,Earth,9.23142e+06,1.29962e+07,0,2.06794,24.7837,0
1.1052e+06,Moon,-3.66486e+08,7.2404e+07,0,-168.207,-993.911,0
1.1088e+06,Earth,9.23843e+06,1.30854e+07,0,1.94752,24.8027,0
1.1088e+06,Moon,-3.67056e+08,6.88203e+07,0,-158.411,-995.46,0
1.1124e+06,Earth,9.24501e+06,1.31748e+07,0,1.82692,24.8206,0
1.1124e+06,Moon,-3.67591e+08,6.52314e+07,0,-148.602,-996.913,0
1.116e+06,Earth,9.25115e+06,1.32642e+07,0,1.70617,24.8373,0
1.116e+06,Moon,-3.68091e+08,6.16376e+07,0,-138.78,-998.27,0
1.1196e+06,Earth,9.25686e+06,1.33537e+07,0,1.58526,24.8528,0
1.1196e+06,Moon,-3.68555e+08,5.80393e+07,0,-128.946,-999.53,0
1.1232e+06,Earth,9.26213e+06,1.34432e+07,0,1.46423,24.8671,0
1.1232e+06,Moon,-3.68984e+08,5.44368e+07,0,-119.1,-1000.69,0
1.1268e+06,Earth,9.26696e+06,1.35328e+07,0,1.34306,24.8802,0
1.1268e+06,Moon,-3.69377e+08,5.08305e+07,0,-109.245,-1001.76,0
1.1304e+06,Earth,9.27136e+06,1.36224e+07,0,1.22179,24.8922,0
1.1304e+06,Moon,-3.69735e+08,4.72206e+07,0,-99.3806,-1002.73,0
1.134e+06,Earth,9.27532e+06,1.3712e+07,0,1.10041,24.9029,0
1.134e+06,Moon,-3.70057e+08,4.36076e+07,0,-89.5079,-1003.61,0
1.1376e+06,Earth,9.27885e+06,1.38017e+07,0,0.978949,24.9125,0
1.1376e+06,Moon,-3.70344e+08,3.99918e+07,0,-79.6279,-1004.39,0
1.1412e+06,Earth,9.28193e+06,1.38914e+07,0,0.857407,24.9209,0
1.1412e+06,Moon,-3.70595e+08,3.63736e+07,0,-69.7417,-1005.07,0
1.1448e+06,Earth,9.28458e+06,1.39812e+07,0,0.735799,24.9281,0
1.1448e+06,Moon,-3.7081e+08,3.27532e+07,0,-59.8501,-1005.66,0
1.1484e+06,Earth,9.28679e+06,1.40709e+07,0,0.614138,24.9341,0
1.1484e+06,Moon,-3.7099e+08,2.91311e+07,0,-49.9541,-1006.14,0
1.152e+06,Earth,9.28857e+06,1.41607e+07,0,0.492435,24.9389,0
1.152e+06,Moon,-3.71134e+08,2.55076e+07,0,-40.0548,-1006.54,0
1.1556e+06,Earth,9.2899e+06,1.42505e+07,0,0.370701,24.9425,0
1.1556e+06,Moon,-3.71243e+08,2.1883e+07,0,-30.1529,-1006.83,0
1.1592e+06,Earth,9.2908e+06,1.43403e+07,0,0.248949,24.945,0
1.1592e+06,Moon,-3.71316e+08,1.82577e+07,0,-20.2496,-1007.03,0
1.1628e+06,Earth,9.29125e+06,1.44301e+07,0,0.12719,24.9462,0
1.1628e+06,Moon,-3.71353e+08,1.4632e+07,0,-10.3457,-1007.13,0
1.1664e+06,Earth,9.29127e+06,1.45199e+07,0,0.00543568,24.9463,0
1.1664e+06,Moon,-3.71354e+08,1.10063e+07,0,-0.442139,-1007.14,0
1.17e+06,Earth,9.29086e+06,1.46097e+07,0,-0.116302,24.9452,0
1.17e+06,Moon,-3.7132e+08,7.38093e+06,0,9.46004,-1007.05,0
1.1736e+06,Earth,9.29e+06,1.46995e+07,0,-0.238012,24.9429,0
1.1736e+06,Moon,-3.71251e+08,3.75624e+06,0,19.3599,-1006.86,0
1.1772e+06,Earth,9.2887e+06,1.47893e+07,0,-0.359681,24.9394,0
1.1772e+06,Moon,-3.71145e+08,132573,0,29.2566,-1006.57,0
1.1808e+06,Earth,9.28697e+06,1.48791e+07,0,-0.481299,24.9347,0
1.1808e+06,Moon,-3.71004e+08,-3.48972e+06,0,39.149,-1006.19,0
1.1844e+06,Earth,9.2848e+06,1.49688e+07,0,-0.602854,24.9288,0
1.1844e+06,Moon,-3.70828e+08,-7.1103e+06,0,49.0363,-1005.72,0
1.188e+06,Earth,9.28219e+06,1.50585e+07,0,-0.724333,24.9218,0
1.188e+06,Moon,-3.70616e+08,-1.07288e+07,0,58.9175,-1005.14,0
1.1916e+06,Earth,9.27915e+06,1.51482e+07,0,-0.845727,24.9135,0
1.1916e+06,Moon,-3.70368e+08,-1.43449e+07,0,68.7916,-1004.47,0
1.1952e+06,Earth,9.27567e+06,1.52379e+07,0,-0.967021,24.9041,0
1.1952e+06,Moon,-3.70085e+08,-1.79582e+07,0,78.6577,-1003.7,0
1.1988e+06,Earth,9.27175e+06,1.53275e+07,0,-1.08821,24.8935,0
1.1988e+06,Moon,-3.69766e+08,-2.15685e+07,0,88.515,-1002.84,0
1.2024e+06,Earth,9.2674e+06,1.54171e+07,0,-1.20927,24.8817,0
1.2024e+06,Moon,-3.69412e+08,-2.51752e+07,0,98.3623,-1001.88,0
1.206e+06,Earth,9.26261e+06,1.55066e+07,0,-1.3302,24.8687,0
1.206e+06,Moon,-3.69023e+08,-2.87782e+07,0,108.199,-1000.83,0
1.2096e+06,Earth,9.25738e+06,1.55961e+07,0,-1.45099,24.8546,0
1.2096e+06,Moon,-3.68598e+08,-3.23771e+07,0,118.024,-999.679,0
1.2132e+06,Earth,9.25173e+06,1.56855e+07,0,-1.57162,24.8393,0
1.2132e+06,Moon,-3.68138e+08,-3.59714e+07,0,127.836,-998.433,0
1.2168e+06,Earth,9.24563e+06,1.57749e+07,0,-1.69208,24.8228,0
1.2168e+06,Moon,-3.67642e+08,-3.9561e+07,0,137.634,-997.092,0
1.2204e+06,Earth,9.23911e+06,1.58642e+07,0,-1.81236,24.8051,0
1.2204e+06,Moon,-3.67111e+08,-4.31453e+07,0,147.418,-995.655,0
1.224e+06,Earth,9.23215e+06,1.59534e+07,0,-1.93245,24.7863,0
1.224e+06,Moon,-3.66546e+08,-4.67242e+07,0,157.186,-994.124,0
1.2276e+06,Earth,9.22476e+06,1.60425e+07,0,-2.05234,24.7663,0
1.2276e+06,Moon,-3.65945e+08,-5.02972e+07,0,166.938,-992.497,0
1.2312e+06,Earth,9.21695e+06,1.61316e+07,0,-2.17202,24.7451,0
1.2312e+06,Moon,-3.65309e+08,-5.3864e+07,0,176.673,-990.776,0
1.2348e+06,Earth,9.2087e+06,1.62206e+07,0,-2.29147,24.7228,0
1.2348e+06,Moon,-3.64638e+08,-5.74242e+07,0,186.389,-988.96,0
1.2384e+06,Earth,9.20002e+06,1.63095e+07,0,-2.41069,24.6993,0
1.2384e+06,Moon,-3.63932e+08,-6.09776e+07,0,196.086,-987.05,0
1.242e+06,Earth,9.19091e+06,1.63984e+07,0,-2.52966,24.6747,0
1.242e+06,Moon,-3.63191e+08,-6.45237e+07,0,205.763,-985.045,0
1.2456e+06,Earth,9.18138e+06,1.64871e+07,0,-2.64837,24.6489,0
1.2456e+06,Moon,-3.62415e+08,-6.80624e+07,0,215.419,-982.947,0
1.2492e+06,Earth,9.17142e+06,1.65758e+07,0,-2.76681,24.6219,0
1.2492e+06,Moon,-3.61605e+08,-7.15931e+07,0,225.053,-980.755,0
1.2528e+06,Earth,9.16103e+06,1.66643e+07,0,-2.88497,24.5938,0
1.2528e+06,Moon,-3.6076e+08,-7.51156e+07,0,234.664,-978.47,0
1.2564e+06,Earth,9.15022e+06,1.67527e+07,0,-3.00283,24.5646,0
1.2564e+06,Moon,-3.59881e+08,-7.86295e+07,0,244.251,-976.091,0
1.26e+06,Earth,9.13899e+06,1.6841e+07,0,-3.1204,24.5342,0
1.26e+06,Moon,-3.58967e+08,-8.21345e+07,0,253.814,-973.619,0
1.2636e+06,Earth,9.12733e+06,1.69293e+07,0,-3.23764,24.5027,0
1.2636e+06,Moon,-3.58019e+08,-8.56303e+07,0,263.351,-971.055,0
1.2672e+06,Earth,9.11525e+06,1.70173e+07,0,-3.35457,24.47,0
1.2672e+06,Moon,-3.57037e+08,-8.91166e+07,0,272.861,-968.398,0
1.2708e+06,Earth,9.10276e+06,1.71053e+07,0,-3.47115,24.4362,0
1.2708e+06,Moon,-3.56021e+08,-9.25929e+07,0,282.344,-965.65,0
1.2744e+06,Earth,9.08984e+06,1.71932e+07,0,-3.58739,24.4013,0
1.2744e+06,Moon,-3.5497e+08,-9.6059e+07,0,291.799,-962.809,0
1.278e+06,Earth,9.07651e+06,1.72809e+07,0,-3.70327,24.3653,0
1.278e+06,Moon,-3.53886e+08,-9.95146e+07,0,301.225,-959.877,0
1.2816e+06,Earth,9.06276e+06,1.73685e+07,0,-3.81877,24.3281,0
1.2816e+06,Moon,-3.52767e+08,-1.02959e+08,0,310.62,-956.853,0
1.2852e+06,Earth,9.0486e+06,1.74559e+07,0,-3.9339,24.2898,0
1.2852e+06,Moon,-3.51615e+08,-1.06393e+08,0,319.985,-953.739,0
1.2888e+06,Earth,9.03403e+06,1.75432e+07,0,-4.04864,24.2504,0
1.2888e+06,Moon,-3.5043e+08,-1.09815e+08,0,329.317,-950.534,0
1.2924e+06,Earth,9.01904e+06,1.76304e+07,0,-4.16297,24.2099,0
1.2924e+06,Moon,-3.49211e+08,-1.13225e+08,0,338.617,-947.24,0
1.296e+06,Earth,9.00364e+06,1.77174e+07,0,-4.2769,24.1683,0
1.296e+06,Moon,-3.47959e+08,-1.16623e+08,0,347.884,-943.855,0
1.2996e+06,Earth,8.98784e+06,1.78042e+07,0,-4.39039,24.1256,0
1.2996e+06,Moon,-3.46673e+08,-1.20008e+08,0,357.116,-940.38,0
1.3032e+06,Earth,8.97163e+06,1.78909e+07,0,-4.50346,24.0818,0
1.3032e+06,Moon,-3.45354e+08,-1.2338e+08,0,366.312,-936.817,0
1.3068e+06,Earth,8.95501e+06,1.79774e+07,0,-4.61608,24.0369,0
1.3068e+06,Moon,-3.44002e+08,-1.2674e+08,0,375.473,-933.164,0
1.3104e+06,Earth,8.93799e+06,1.80638e+07,0,-4.72824,23.9909,0
1.3104e+06,Moon,-3.42618e+08,-1.30086e+08,0,384.596,-929.424,0
1.314e+06,Earth,8.92056e+06,1.815e+07,0,-4.83994,23.9438,0
1.314e+06,Moon,-3.41201e+08,-1.33418e+08,0,393.682,-925.595,0
1.3176e+06,Earth,8.90274e+06,1.8236e+07,0,-4.95116,23.8957,0
1.3176e+06,Moon,-3.39751e+08,-1.36736e+08,0,402.728,-921.679,0
1.3212e+06,Earth,8.88452e+06,1.83219e+07,0,-5.06189,23.8464,0
1.3212e+06,Moon,-3.38269e+08,-1.4004e+08,0,411.736,-917.675,0
1.3248e+06,Earth,8.8659e+06,1.84075e+07,0,-5.17213,23.7962,0
1.3248e+06,Moon,-3.36754e+08,-1.43329e+08,0,420.702,-913.585,0
1.3284e+06,Earth,8.84688e+06,1.8493e+07,0,-5.28186,23.7448,0
1.3284e+06,Moon,-3.35207e+08,-1.46602e+08,0,429.628,-909.408,0
1.332e+06,Earth,8.82747e+06,1.85783e+07,0,-5.39107,23.6924,0
1.332e+06,Moon,-3.33629e+08,-1.49861e+08,0,438.511,-905.145,0
1.3356e+06,Earth,8.80767e+06,1.86634e+07,0,-5.49976,23.6389,0
1.3356e+06,Moon,-3.32018e+08,-1.53104e+08,0,447.352,-900.797,0
1.3392e+06,Earth,8.78749e+06,1.87483e+07,0,-5.60791,23.5844,0
1.3392e+06,Moon,-3.30376e+08,-1.56331e+08,0,456.149,-896.364,0
1.3428e+06,Earth,8.76691e+06,1.8833e+07,0,-5.71551,23.5289,0
1.3428e+06,Moon,-3.28703e+08,-1.59541e+08,0,464.901,-891.846,0
1.3464e+06,Earth,8.74595e+06,1.89175e+07,0,-5.82255,23.4723,0
1.3464e+06,Moon,-3.26998e+08,-1.62735e+08,0,473.608,-887.244,0
1.35e+06,Earth,8.7246e+06,1.90018e+07,0,-5.92902,23.4147,0
1.35e+06,Moon,-3.25261e+08,-1.65913e+08,0,482.268,-882.558,0
1.3536e+06,Earth,8.70288e+06,1.90859e+07,0,-6.03492,23.3561,0
1.3536e+06,Moon,-3.23494e+08,-1.69073e+08,0,490.882,-877.789,0
1.3572e+06,Earth,8.68077e+06,1.91698e+07,0,-6.14023,23.2964,0
1.3572e+06,Moon,-3.21696e+08,-1.72215e+08,0,499.448,-872.937,0
1.3608e+06,Earth,8.65829e+06,1.92534e+07,0,-6.24494,23.2358,0
1.3608e+06,Moon,-3.19868e+08,-1.7534e+08,0,507.965,-868.003,0
1.3644e+06,Earth,8.63544e+06,1.93368e+07,0,-6.34905,23.1741,0
1.3644e+06,Moon,-3.18008e+08,-1.78447e+08,0,516.433,-862.987,0
1.368e+06,Earth,8.61221e+06,1.942e+07,0,-6.45254,23.1114,0
1.368e+06,Moon,-3.16119e+08,-1.81535e+08,0,524.851,-857.89,0
1.3716e+06,Earth,8.58861e+06,1.9503e+07,0,-6.5554,23.0478,0
1.3716e+06,Moon,-3.14199e+08,-1.84605e+08,0,533.218,-852.712,0
1.3752e+06,Earth,8.56464e+06,1.95858e+07,0,-6.65763,22.9831,0
1.3752e+06,Moon,-3.1225e+08,-1.87656e+08,0,541.533,-847.454,0
1.3788e+06,Earth,8.54031e+06,1.96683e+07,0,-6.75921,22.9175,0
1.3788e+06,Moon,-3.10271e+08,-1.90687e+08,0,549.796,-842.117,0
1.3824e+06,Earth,8.51561e+06,1.97505e+07,0,-6.86014,22.8509,0
1.3824e+06,Moon,-3.08262e+08,-1.937e+08,0,558.006,-836.7,0
1.386e+06,Earth,8.49055e+06,1.98325e+07,0,-6.96041,22.7834,0
1.386e+06,Moon,-3.06224e+08,-1.96692e+08,0,566.161,-831.204,0
1.3896e+06,Earth,8.46514e+06,1.99143e+07,0,-7.06,22.7148,0
1.3896e+06,Moon,-3.04156e+08,-1.99664e+08,0,574.262,-825.631,0
1.3932e+06,Earth,8.43936e+06,1.99958e+07,0,-7.15891,22.6454,0
1.3932e+06,Moon,-3.0206e+08,-2.02616e+08,0,582.308,-819.98,0
1.3968e+06,Earth,8.41324e+06,2.00771e+07,0,-7.25714,22.575,0
1.3968e+06,Moon,-2.99935e+08,-2.05547e+08,0,590.297,-814.252,0
1.4004e+06,Earth,8.38676e+06,2.01581e+07,0,-7.35466,22.5036,0
1.4004e+06,Moon,-2.97781e+08,-2.08458e+08,0,598.23,-808.448,0
1.404e+06,Earth,8.35994e+06,2.02389e+07,0,-7.45147,22.4313,0
1.404e+06,Moon,-2.95599e+08,-2.11347e+08,0,606.104,-802.567,0
1.4076e+06,Earth,8.33277e+06,2.03194e+07,0,-7.54757,22.3581,0
1.4076e+06,Moon,-2.93389e+08,-2.14215e+08,0,613.921,-796.612,0
1.4112e+06,Earth,8.30525e+06,2.03996e+07,0,-7.64294,22.284,0
1.4112e+06,Moon,-2.91151e+08,-2.17061e+08,0,621.678,-790.582,0
1.4148e+06,Earth,8.2774e+06,2.04795e+07,0,-7.73757,22.2089,0
1.4148e+06,Moon,-2.88885e+08,-2.19885e+08,0,629.376,-784.478,0
1.4184e+06,Earth,8.2492e+06,2.05592e+07,0,-7.83146,22.133,0
1.4184e+06,Moon,-2.86592e+08,-2.22687e+08,0,637.013,-778.301,0
1.422e+06,Earth,8.22067e+06,2.06386e+07,0,-7.9246,22.0561,0
1.422e+06,Moon,-2.84272e+08,-2.25466e+08,0,644.589,-772.05,0
1.4256e+06,Earth,8.19181e+06,2.07177e+07,0,-8.01698,21.9784,0
1.4256e+06,Moon,-2.81924e+08,-2.28223e+08,0,652.103,-765.728,0
1.4292e+06,Earth,8.16262e+06,2.07966e+07,0,-8.10859,21.8998,0
1.4292e+06,Moon,-2.7955e+08,-2.30957e+08,0,659.555,-759.334,0
1.4328e+06,Earth,8.1331e+06,2.08751e+07,0,-8.19943,21.8203,0
1.4328e+06,Moon,-2.77149e+08,-2.33667e+08,0,666.943,-752.869,0
1.4364e+06,Earth,8.10326e+06,2.09534e+07,0,-8.28948,21.74,0
1.4364e+06,Moon,-2.74721e+08,-2.36354e+08,0,674.268,-746.334,0
1.44e+06,Earth,8.0731e+06,2.10314e+07,0,-8.37873,21.6588,0
1.44e+06,Moon,-2.72268e+08,-2.39017e+08,0,681.528,-739.729,0
1.4436e+06,Earth,8.04262e+06,2.1109e+07,0,-8.46718,21.5767,0
1.4436e+06,Moon,-2.69788e+08,-2.41656e+08,0,688.723,-733.054,0
1.4472e+06,Earth,8.01182e+06,2.11864e+07,0,-8.55483,21.4938,0
1.4472e+06,Moon,-2.67283e+08,-2.4427e+08,0,695.852,-726.312,0
1.4508e+06,Earth,7.98071e+06,2.12635e+07,0,-8.64166,21.4101,0
1.4508e+06,Moon,-2.64753e+08,-2.46861e+08,0,702.914,-719.502,0
1.4544e+06,Earth,7.94929e+06,2.13403e+07,0,-8.72766,21.3255,0
1.4544e+06,Moon,-2.62197e+08,-2.49426e+08,0,709.91,-712.625,0
1.458e+06,Earth,7.91756e+06,2.14167e+07,0,-8.81283,21.2402,0
1.458e+06,Moon,-2.59616e+08,-2.51967e+08,0,716.838,-705.681,0
1.4616e+06,Earth,7.88553e+06,2.14929e+07,0,-8.89716,21.154,0
1.4616e+06,Moon,-2.57011e+08,-2.54482e+08,0,723.697,-698.672,0
1.4652e+06,Earth,7.8532e+06,2.15687e+07,0,-8.98064,21.067,0
1.4652e+06,Moon,-2.54381e+08,-2.56971e+08,0,730.487,-691.597,0
1.4688e+06,Earth,7.82058e+06,2.16443e+07,0,-9.06326,20.9793,0
1.4688e+06,Moon,-2.51727e+08,-2.59436e+08,0,737.208,-684.459,0
1.4724e+06,Earth,7.78765e+06,2.17195e+07,0,-9.14503,20.8907,0
1.4724e+06,Moon,-2.4905e+08,-2.61874e+08,0,743.859,-677.256,0
1.476e+06,Earth,7.75444e+06,2.17944e+07,0,-9.22592,20.8014,0
1.476e+06,Moon,-2.46348e+08,-2.64286e+08,0,750.439,-669.991,0
1.4796e+06,Earth,7.72094e+06,2.18689e+07,0,-9.30594,20.7113,0
1.4796e+06,Moon,-2.43623e+08,-2.66671e+08,0,756.947,-662.663,0
1.4832e+06,Earth,7.68715e+06,2.19431e+07,0,-9.38507,20.6205,0
1.4832e+06,Moon,-2.40875e+08,-2.6903e+08,0,763.384,-655.274,0
1.4868e+06,Earth,7.65308e+06,2.2017e+07,0,-9.46331,20.5289,0
1.4868e+06,Moon,-2.38104e+08,-2.71362e+08,0,769.748,-647.824,0
1.4904e+06,Earth,7.61874e+06,2.20906e+07,0,-9.54065,20.4366,0
1.4904e+06,Moon,-2.3531e+08,-2.73667e+08,0,776.039,-640.314,0
1.494e+06,Earth,7.58412e+06,2.21639e+07,0,-9.61709,20.3435,0
1.494e+06,Moon,-2.32494e+08,-2.75945e+08,0,782.256,-632.745,0
1.4976e+06,Earth,7.54922e+06,2.22368e+07,0,-9.69261,20.2497,0
1.4976e+06,Moon,-2.29656e+08,-2.78196e+08,0,788.399,-625.117,0
1.5012e+06,Earth,7.51406e+06,2.23093e+07,0,-9.76722,20.1552,0
1.5012e+06,Moon,-2.26796e+08,-2.80419e+08,0,794.468,-617.431,0
1.5048e+06,Earth,7.47863e+06,2.23815e+07,0,-9.8409,20.06,0
1.5048e+06,Moon,-2.23914e+08,-2.82613e+08,0,800.461,-609.687,0
1.5084e+06,Earth,7.44294e+06,2.24534e+07,0,-9.91365,19.9641,0
1.5084e+06,Moon,-2.21011e+08,-2.8478e+08,0,806.378,-601.888,0
1.512e+06,Earth,7.407e+06,2.25249e+07,0,-9.98546,19.8676,0
1.512e+06,Moon,-2.18087e+08,-2.86919e+08,0,812.22,-594.032,0
1.5156e+06,Earth,7.37079e+06,2.25961e+07,0,-10.0563,19.7703,0
1.5156e+06,Moon,-2.15142e+08,-2.89029e+08,0,817.984,-586.122,0
1.5192e+06,Earth,7.33434e+06,2.26669e+07,0,-10.1262,19.6724,0
1.5192e+06,Moon,-2.12177e+08,-2.9111e+08,0,823.671,-578.157,0
1.5228e+06,Earth,7.29764e+06,2.27374e+07,0,-10.1952,19.5738,0
1.5228e+06,Moon,-2.09192e+08,-2.93163e+08,0,829.28,-570.139,0
1.5264e+06,Earth,7.26069e+06,2.28075e+07,0,-10.2632,19.4746,0
1.5264e+06,Moon,-2.06186e+08,-2.95186e+08,0,834.811,-562.069,0
1.53e+06,Earth,7.2235e+06,2.28772e+07,0,-10.3302,19.3747,0
1.53e+06,Moon,-2.03161e+08,-2.9718e+08,0,840.263,-553.946,0
1.5336e+06,Earth,7.18607e+06,2.29466e+07,0,-10.3963,19.2743,0
1.5336e+06,Moon,-2.00117e+08,-2.99145e+08,0,845.636,-545.772,0
1.5372e+06,Earth,7.14841e+06,2.30157e+07,0,-10.4614,19.1731,0
1.5372e+06,Moon,-1.97054e+08,-3.0108e+08,0,850.929,-537.548,0
1.5408e+06,Earth,7.11052e+06,2.30843e+07,0,-10.5254,19.0714,0
1.5408e+06,Moon,-1.93972e+08,-3.02986e+08,0,856.142,-529.275,0
1.5444e+06,Earth,7.0724e+06,2.31526e+07,0,-10.5885,18.9691,0
1.5444e+06,Moon,-1.90871e+08,-3.04861e+08,0,861.274,-520.953,0
1.548e+06,Earth,7.03406e+06,2.32205e+07,0,-10.6506,18.8662,0
1.548e+06,Moon,-1.87752e+08,-3.06706e+08,0,866.325,-512.582,0
1.5516e+06,Earth,6.9955e+06,2.32881e+07,0,-10.7117,18.7627,0
1.5516e+06,Moon,-1.84615e+08,-3.08521e+08,0,871.295,-504.165,0
1.5552e+06,Earth,6.95672e+06,2.33552e+07,0,-10.7718,18.6587,0
1.5552e+06,Moon,-1.81461e+08,-3.10306e+08,0,876.183,-495.701,0
1.5588e+06,Earth,6.91773e+06,2.3422e+07,0,-10.8309,18.5541,0
1.5588e+06,Moon,-1.7829e+08,-3.1206e+08,0,880.988,-487.191,0
1.5624e+06,Earth,6.87853e+06,2.34884e+07,0,-10.889,18.4489,0
1.5624e+06,Moon,-1.75101e+08,-3.13783e+08,0,885.711,-478.637,0
1.566e+06,Earth,6.83912e+06,2.35545e+07,0,-10.946,18.3432,0
1.566e+06,Moon,-1.71896e+08,-3.15475e+08,0,890.35,-470.038,0
1.5696e+06,Earth,6.79952e+06,2.36201e+07,0,-11.002,18.2369,0
1.5696e+06,Moon,-1.68674e+08,-3.17136e+08,0,894.906,-461.397,0
1.5732e+06,Earth,6.75971e+06,2.36854e+07,0,-11.057,18.1302,0
1.5732e+06,Moon,-1.65436e+08,-3.18766e+08,0,899.378,-452.713,0
1.5768e+06,Earth,6.71971e+06,2.37503e+07,0,-11.1109,18.0229,0
1.5768e+06,Moon,-1.62183e+08,-3.20364e+08,0,903.765,-443.988,0
1.5804e+06,Earth,6.67952e+06,2.38148e+07,0,-11.1638,17.9151,0
1.5804e+06,Moon,-1.58914e+08,-3.21931e+08,0,908.068,-435.221,0
1.584e+06,Earth,6.63915e+06,2.38789e+07,0,-11.2157,17.8069,0
1.584e+06,Moon,-1.5563e+08,-3.23466e+08,0,912.285,-426.415,0
1.5876e+06,Earth,6.59859e+06,2.39426e+07,0,-11.2665,17.6981,0
1.5876e+06,Moon,-1.52331e+08,-3.24969e+08,0,916.418,-417.57,0
1.5912e+06,Earth,6.55785e+06,2.40059e+07,0,-11.3162,17.5889,0
1.5912e+06,Moon,-1.49017e+08,-3.26441e+08,0,920.464,-408.687,0
1.5948e+06,Earth,6.51693e+06,2.40688e+07,0,-11.3649,17.4792,0
1.5948e+06,Moon,-1.45689e+08,-3.2788e+08,0,924.424,-399.766,0
1.5984e+06,Earth,6.47585e+06,2.41314e+07,0,-11.4125,17.3691,0
1.5984e+06,Moon,-1.42347e+08,-3.29287e+08,0,928.298,-390.809,0
1.602e+06,Earth,6.4346e+06,2.41935e+07,0,-11.4591,17.2586,0
1.602e+06,Moon,-1.38992e+08,-3.30661e+08,0,932.085,-381.816,0
1.6056e+06,Earth,6.39318e+06,2.42552e+07,0,-11.5046,17.1476,0
1.6056e+06,Moon,-1.35623e+08,-3.32003e+08,0,935.785,-372.788,0
1.6092e+06,Earth,6.3516e+06,2.43166e+07,0,-11.549,17.0362,0
1.6092e+06,Moon,-1.32241e+08,-3.33313e+08,0,939.397,-363.726,0
1.6128e+06,Earth,6.30987e+06,2.43775e+07,0,-11.5923,16.9244,0
1.6128e+06,Moon,-1.28846e+08,-3.34589e+08,0,942.922,-354.631,0
1.6164e+06,Earth,6.26799e+06,2.4438e+07,0,-11.6346,16.8121,0
1.6164e+06,Moon,-1.25439e+08,-3.35833e+08,0,946.358,-345.503,0
1.62e+06,Earth,6.22595e+06,2.44981e+07,0,-11.6757,16.6995,0
1.62e+06,Moon,-1.22021e+08,-3.37044e+08,0,949.707,-336.344,0
1.6236e+06,Earth,6.18378e+06,2.45578e+07,0,-11.7158,16.5866,0
1.6236e+06,Moon,-1.1859e+08,-3.38222e+08,0,952.967,-327.154,0
1.6272e+06,Earth,6.14146e+06,2.46171e+07,0,-11.7548,16.4732,0
1.6272e+06,Moon,-1.15148e+08,-3.39366e+08,0,956.137,-317.935,0
1.6308e+06,Earth,6.09901e+06,2.4676e+07,0,-11.7927,16.3595,0
1.6308e+06,Moon,-1.11695e+08,-3.40478e+08,0,959.219,-308.686,0
1.6344e+06,Earth,6.05642e+06,2.47345e+07,0,-11.8295,16.2455,0
1.6344e+06,Moon,-1.08231e+08,-3.41555e+08,0,962.212,-299.41,0
1.638e+06,Earth,6.01371e+06,2.47926e+07,0,-11.8652,16.1311,0
1.638e+06,Moon,-1.04756e+08,-3.426e+08,0,965.115,-290.106,0
1.6416e+06,Earth,5.97087e+06,2.48503e+07,0,-11.8997,16.0164,0
1.6416e+06,Moon,-1.01272e+08,-3.43611e+08,0,967.928,-280.776,0
1.6452e+06,Earth,5.92791e+06,2.49075e+07,0,-11.9332,15.9014,0
1.6452e+06,Moon,-9.77773e+07,-3.44588e+08,0,970.651,-271.42,0
1.6488e+06,Earth,5.88483e+06,2.49643e+07,0,-11.9656,15.786,0
1.6488e+06,Moon,-9.42735e+07,-3.45531e+08,0,973.284,-262.04,0
1.6524e+06,Earth,5.84164e+06,2.50207e+07,0,-11.9968,15.6704,0
1.6524e+06,Moon,-9.07605e+07,-3.46441e+08,0,975.826,-252.636,0
1.656e+06,Earth,5.79834e+06,2.50767e+07,0,-12.027,15.5545,0
1.656e+06,Moon,-8.72387e+07,-3.47316e+08,0,978.277,-243.209,0
1.6596e+06,Earth,5.75494e+06,2.51323e+07,0,-12.056,15.4384,0
1.6596e+06,Moon,-8.37084e+07,-3.48158e+08,0,980.638,-233.76,0
1.6632e+06,Earth,5.71144e+06,2.51875e+07,0,-12.0839,15.3219,0
1.6632e+06,Moon,-8.01699e+07,-3.48965e+08,0,982.908,-224.29,0
1.6668e+06,Earth,5.66784e+06,2.52422e+07,0,-12.1107,15.2053,0
1.6668e+06,Moon,-7.66236e+07,-3.49738e+08,0,985.086,-214.8,0
1.6704e+06,Earth,5.62415e+06,2.52965e+07,0,-12.1363,15.0883,0
1.6704e+06,Moon,-7.30698e+07,-3.50477e+08,0,987.173,-205.29,0
1.674e+06,Earth,5.58037e+06,2.53504e+07,0,-12.1609,14.9712,0
1.674e+06,Moon,-6.95088e+07,-3.51182e+08,0,989.168,-195.762,0
1.6776e+06,Earth,5.53651e+06,2.54039e+07,0,-12.1843,14.8539,0
1.6776e+06,Moon,-6.59409e+07,-3.51852e+08,0,991.072,-186.216,0
1.6812e+06,Earth,5.49257e+06,2.5457e+07,0,-12.2066,14.7363,0
1.6812e+06,Moon,-6.23666e+07,-3.52488e+08,0,992.884,-176.653,0
1.6848e+06,Earth,5.44855e+06,2.55096e+07,0,-12.2277,14.6185,0
1.6848e+06,Moon,-5.8786e+07,-3.5309e+08,0,994.604,-167.074,0
1.6884e+06,Earth,5.40445e+06,2.55618e+07,0,-12.2477,14.5006,0
1.6884e+06,Moon,-5.51996e+07,-3.53657e+08,0,996.231,-157.481,0
1.692e+06,Earth,5.36029e+06,2.56136e+07,0,-12.2666,14.3825,0
1.692e+06,Moon,-5.16076e+07,-3.54189e+08,0,997.767,-147.873,0
1.6956e+06,Earth,5.31607e+06,2.56649e+07,0,-12.2843,14.2642,0
1.6956e+06,Moon,-4.80104e+07,-3.54687e+08,0,999.21,-138.252,0
1.6992e+06,Earth,5.27179e+06,2.57158e+07,0,-12.3009,14.1458,0
1.6992e+06,Moon,-4.44084e+07,-3.5515e+08,0,1000.56,-128.619,0
1.7028e+06,Earth,5.22745e+06,2.57663e+07,0,-12.3164,14.0272,0
1.7028e+06,Moon,-4.08019e+07,-3.55578e+08,0,1001.82,-118.974,0
1.7064e+06,Earth,5.18306e+06,2.58164e+07,0,-12.3307,13.9085,0
1.7064e+06,Moon,-3.71911e+07,-3.55972e+08,0,1002.98,-109.319,0
1.71e+06,Earth,5.13862e+06,2.5866e+07,0,-12.3439,13.7897,0
1.71e+06,Moon,-3.35765e+07,-3.56331e+08,0,1004.06,-99.6536,0
1.7136e+06,Earth,5.09414e+06,2.59153e+07,0,-12.356,13.6707,0
1.7136e+06,Moon,-2.99584e+07,-3.56654e+08,0,1005.04,-89.9796,0
1.7172e+06,Earth,5.04962e+06,2.59641e+07,0,-12.3669,13.5517,0
1.7172e+06,Moon,-2.63371e+07,-3.56944e+08,0,1005.92,-80.2977,0
1.7208e+06,Earth,5.00506e+06,2.60124e+07,0,-12.3766,13.4326,0
1.7208e+06,Moon,-2.27129e+07,-3.57198e+08,0,1006.72,-70.6087,0
1.7244e+06,Earth,4.96047e+06,2.60603e+07,0,-12.3853,13.3134,0
1.7244e+06,Moon,-1.90862e+07,-3.57417e+08,0,1007.42,-60.9136,0
1.728e+06,Earth,4.91586e+06,2.61078e+07,0,-12.3927,13.1941,0
1.728e+06,Moon,-1.54573e+07,-3.57601e+08,0,1008.03,-51.2131,0
1.7316e+06,Earth,4.87122e+06,2.61549e+07,0,-12.3991,13.0748,0
1.7316e+06,Moon,-1.18265e+07,-3.57751e+08,0,1008.54,-41.5083,0
1.7352e+06,Earth,4.82657e+06,2.62015e+07,0,-12.4043,12.9555,0
1.7352e+06,Moon,-8.19426e+06,-3.57865e+08,0,1008.97,-31.7999,0
1.7388e+06,Earth,4.7819e+06,2.62478e+07,0,-12.4083,12.8361,0
1.7388e+06,Moon,-4.5608e+06,-3.57945e+08,0,1009.29,-22.0888,0
1.7424e+06,Earth,4.73722e+06,2.62935e+07,0,-12.4112,12.7167,0
1.7424e+06,Moon,-926489,-3.57989e+08,0,1009.53,-12.376,0
1.746e+06,Earth,4.69253e+06,2.63389e+07,0,-12.413,12.5972,0
1.746e+06,Moon,2.70834e+06,-3.57999e+08,0,1009.67,-2.6623,0
1.7496e+06,Earth,4.64784e+06,2.63838e+07,0,-12.4136,12.4778,0
1.7496e+06,Moon,6.34334e+06,-3.57974e+08,0,1009.72,7.05139,0
1.7532e+06,Earth,4.60316e+06,2.64283e+07,0,-12.4131,12.3584,0
1.7532e+06,Moon,9.97819e+06,-3.57913e+08,0,1009.68,16.7642,0
1.7568e+06,Earth,4.55848e+06,2.64724e+07,0,-12.4114,12.239,0
1.7568e+06,Moon,1.36126e+07,-3.57818e+08,0,1009.55,26.4752,0
1.7604e+06,Earth,4.5138e+06,2.6516e+07,0,-12.4086,12.1197,0
1.7604e+06,Moon,1.72461e+07,-3.57688e+08,0,1009.32,36.1837,0
1.764e+06,Earth,4.46915e+06,2.65592e+07,0,-12.4046,12.0004,0
1.764e+06,Moon,2.08785e+07,-3.57522e+08,0,1008.99,45.8885,0
1.7676e+06,Earth,4.42451e+06,2.6602e+07,0,-12.3995,11.8811,0
1.7676e+06,Moon,2.45094e+07,-3.57322e+08,0,1008.58,55.589,0
1.7712e+06,Earth,4.37989e+06,2.66443e+07,0,-12.3933,11.7619,0
1.7712e+06,Moon,2.81384e+07,-3.57087e+08,0,1008.07,65.2842,0
1.7748e+06,Earth,4.3353e+06,2.66862e+07,0,-12.3859,11.6428,0
1.7748e+06,Moon,3.17653e+07,-3.56817e+08,0,1007.47,74.9732,0
1.7784e+06,Earth,4.29075e+06,2.67277e+07,0,-12.3774,11.5238,0
1.7784e+06,Moon,3.53897e+07,-3.56513e+08,0,1006.78,84.6552,0
1.782e+06,Earth,4.24622e+06,2.67688e+07,0,-12.3677,11.4048,0
1.782e+06,Moon,3.90113e+07,-3.56173e+08,0,1006,94.3293,0
1.7856e+06,Earth,4.20174e+06,2.68094e+07,0,-12.357,11.286,0
1.7856e+06,Moon,4.26298e+07,-3.55799e+08,0,1005.12,103.995,0
1.7892e+06,Earth,4.15729e+06,2.68496e+07,0,-12.345,11.1673,0
1.7892e+06,Moon,4.62447e+07,-3.5539e+08,0,1004.15,113.65,0
1.7928e+06,Earth,4.1129e+06,2.68894e+07,0,-12.332,11.0487,0
1.7928e+06,Moon,4.98558e+07,-3.54946e+08,0,1003.09,123.295,0
1.7964e+06,Earth,4.06856e+06,2.69287e+07,0,-12.3178,10.9303,0
1.7964e+06,Moon,5.34628e+07,-3.54467e+08,0,1001.93,132.929,0
1.8e+06,Earth,4.02427e+06,2.69676e+07,0,-12.3025,10.812,0
1.8e+06,Moon,5.70652e+07,-3.53954e+08,0,1000.69,142.551,0
1.8036e+06,Earth,3.98004e+06,2.70061e+07,0,-12.286,10.6939,0
1.8036e+06,Moon,6.06629e+07,-3.53406e+08,0,999.348,152.159,0
1.8072e+06,Earth,3.93587e+06,2.70442e+07,0,-12.2685,10.5759,0
1.8072e+06,Moon,6.42554e+07,-3.52824e+08,0,997.919,161.753,0
1.8108e+06,Earth,3.89177e+06,2.70819e+07,0,-12.2498,10.4581,0
1.8108e+06,Moon,6.78424e+07,-3.52207e+08,0,996.398,171.333,0
1.8144e+06,Earth,3.84774e+06,2.71191e+07,0,-12.2299,10.3406,0
1.8144e+06,Moon,7.14236e+07,-3.51556e+08,0,994.785,180.896,0
1.818e+06,Earth,3.80379e+06,2.71559e+07,0,-12.209,10.2232,0
1.818e+06,Moon,7.49987e+07,-3.5087e+08,0,993.081,190.443,0
1.8216e+06,Earth,3.75992e+06,2.71923e+07,0,-12.1869,10.106,0
1.8216e+06,Moon,7.85674e+07,-3.5015e+08,0,991.287,199.973,0
1.8252e+06,Earth,3.71613e+06,2.72282e+07,0,-12.1637,9.9891,0
1.8252e+06,Moon,8.21292e+07,-3.49396e+08,0,989.401,209.485,0
1.8288e+06,Earth,3.67243e+06,2.72638e+07,0,-12.1394,9.8724,0
1.8288e+06,Moon,8.56839e+07,-3.48608e+08,0,987.425,218.977,0
1.8324e+06,Earth,3.62882e+06,2.72989e+07,0,-12.114,9.75595,0
1.8324e+06,Moon,8.92312e+07,-3.47785e+08,0,985.358,228.449,0
1.836e+06,Earth,3.5853e+06,2.73336e+07,0,-12.0875,9.63975,0
1.836e+06,Moon,9.27708e+07,-3.46929e+08,0,983.201,237.9,0
1.8396e+06,Earth,3.54189e+06,2.73679e+07,0,-12.0599,9.52382,0
1.8396e+06,Moon,9.63022e+07,-3.46039e+08,0,980.954,247.33,0
1.8432e+06,Earth,3.49857e+06,2.74017e+07,0,-12.0312,9.40817,0
1.8432e+06,Moon,9.98252e+07,-3.45114e+08,0,978.617,256.737,0
1.8468e+06,Earth,3.45537e+06,2.74352e+07,0,-12.0013,9.29281,0
1.8468e+06,Moon,1.03339e+08,-3.44156e+08,0,976.191,266.121,0
1.8504e+06,Earth,3.41228e+06,2.74682e+07,0,-11.9704,9.17774,0
1.8504e+06,Moon,1.06845e+08,-3.43165e+08,0,973.675,275.48,0
1.854e+06,Earth,3.3693e+06,2.75009e+07,0,-11.9384,9.06299,0
1.854e+06,Moon,1.10341e+08,-3.42139e+08,0,971.07,284.815,0
1.8576e+06,Earth,3.32644e+06,2.75331e+07,0,-11.9053,8.94855,0
1.8576e+06,Moon,1.13827e+08,-3.4108e+08,0,968.376,294.123,0
1.8612e+06,Earth,3.2837e+06,2.75649e+07,0,-11.871,8.83444,0
1.8612e+06,Moon,1.17303e+08,-3.39988e+08,0,965.594,303.405,0
1.8648e+06,Earth,3.24109e+06,2.75963e+07,0,-11.8358,8.72067,0
1.8648e+06,Moon,1.20769e+08,-3.38863e+08,0,962.723,312.659,0
1.8684e+06,Earth,3.19862e+06,2.76273e+07,0,-11.7994,8.60725,0
1.8684e+06,Moon,1.24224e+08,-3.37704e+08,0,959.764,321.884,0
1.872e+06,Earth,3.15627e+06,2.76578e+07,0,-11.7619,8.49419,0
1.872e+06,Moon,1.27668e+08,-3.36512e+08,0,956.718,331.081,0
1.8756e+06,Earth,3.11407e+06,2.7688e+07,0,-11.7234,8.38149,0
1.8756e+06,Moon,1.31101e+08,-3.35287e+08,0,953.584,340.247,0
1.8792e+06,Earth,3.07201e+06,2.77178e+07,0,-11.6838,8.26918,0
1.8792e+06,Moon,1.34522e+08,-3.34029e+08,0,950.362,349.383,0
1.8828e+06,Earth,3.03009e+06,2.77472e+07,0,-11.6431,8.15726,0
1.8828e+06,Moon,1.37932e+08,-3.32739e+08,0,947.054,358.487,0
1.8864e+06,Earth,2.98833e+06,2.77761e+07,0,-11.6014,8.04574,0
1.8864e+06,Moon,1.41329e+08,-3.31415e+08,0,943.66,367.558,0
1.89e+06,Earth,2.94672e+06,2.78047e+07,0,-11.5586,7.93462,0
1.89e+06,Moon,1.44713e+08,-3.3006e+08,0,940.179,376.596,0
1.8936e+06,Earth,2.90526e+06,2.78329e+07,0,-11.5147,7.82393,0
1.8936e+06,Moon,1.48085e+08,-3.28672e+08,0,936.612,385.6,0
1.8972e+06,Earth,2.86397e+06,2.78606e+07,0,-11.4698,7.71366,0
1.8972e+06,Moon,1.51444e+08,-3.27251e+08,0,932.959,394.569,0
1.9008e+06,Earth,2.82285e+06,2.7888e+07,0,-11.4239,7.60384,0
1.9008e+06,Moon,1.54789e+08,-3.25799e+08,0,929.222,403.502,0
1.9044e+06,Earth,2.78189e+06,2.7915e+07,0,-11.3769,7.49446,0
1.9044e+06,Moon,1.58121e+08,-3.24314e+08,0,925.399,412.399,0
1.908e+06,Earth,2.7411e+06,2.79416e+07,0,-11.3289,7.38555,0
1.908e+06,Moon,1.61438e+08,-3.22797e+08,0,921.492,421.258,0
1.9116e+06,Earth,2.7005e+06,2.79678e+07,0,-11.2798,7.2771,0
1.9116e+06,Moon,1.64741e+08,-3.21249e+08,0,917.501,430.079,0
1.9152e+06,Earth,2.66007e+06,2.79936e+07,0,-11.2297,7.16913,0
1.9152e+06,Moon,1.68029e+08,-3.19669e+08,0,913.426,438.862,0
1.9188e+06,Earth,2.61983e+06,2.8019e+07,0,-11.1786,7.06164,0
1.9188e+06,Moon,1.71303e+08,-3.18058e+08,0,909.267,447.604,0
1.9224e+06,Earth,2.57977e+06,2.8044e+07,0,-11.1264,6.95466,0
1.9224e+06,Moon,1.74561e+08,-3.16415e+08,0,905.025,456.306,0
1.926e+06,Earth,2.53991e+06,2.80687e+07,0,-11.0733,6.84818,0
1.926e+06,Moon,1.77803e+08,-3.14741e+08,0,900.701,464.967,0
1.9296e+06,Earth,2.50024e+06,2.8093e+07,0,-11.0191,6.74222,0
1.9296e+06,Moon,1.8103e+08,-3.13036e+08,0,896.295,473.586,0
1.9332e+06,Earth,2.46077e+06,2.81168e+07,0,-10.9639,6.63679,0
1.9332e+06,Moon,1.8424e+08,-3.11301e+08,0,891.807,482.162,0
1.9368e+06,Earth,2.4215e+06,2.81404e+07,0,-10.9077,6.53189,0
1.9368e+06,Moon,1.87434e+08,-3.09534e+08,0,887.237,490.695,0
1.9404e+06,Earth,2.38244e+06,2.81635e+07,0,-10.8505,6.42753,0
1.9404e+06,Moon,1.90612e+08,-3.07737e+08,0,882.586,499.183,0
1.944e+06,Earth,2.34359e+06,2.81863e+07,0,-10.7924,6.32373,0
1.944e+06,Moon,1.93772e+08,-3.0591e+08,0,877.855,507.626,0
1.9476e+06,Earth,2.30495e+06,2.82087e+07,0,-10.7332,6.22049,0
1.9476e+06,Moon,1.96915e+08,-3.04052e+08,0,873.043,516.024,0
1.9512e+06,Earth,2.26653e+06,2.82307e+07,0,-10.6731,6.11783,0
1.9512e+06,Moon,2.0004e+08,-3.02164e+08,0,868.152,524.374,0
1.9548e+06,Earth,2.22832e+06,2.82523e+07,0,-10.612,6.01575,0
1.9548e+06,Moon,2.03148e+08,-3.00246e+08,0,863.182,532.678,0
1.9584e+06,Earth,2.19034e+06,2.82736e+07,0,-10.5499,5.91425,0
1.9584e+06,Moon,2.06237e+08,-2.98299e+08,0,858.132,540.933,0
1.962e+06,Earth,2.15259e+06,2.82946e+07,0,-10.4869,5.81336,0
1.962e+06,Moon,2.09308e+08,-2.96322e+08,0,853.005,549.14,0
1.9656e+06,Earth,2.11507e+06,2.83151e+07,0,-10.4229,5.71308,0
1.9656e+06,Moon,2.1236e+08,-2.94316e+08,0,847.799,557.297,0
1.9692e+06,Earth,2.07778e+06,2.83353e+07,0,-10.3579,5.61341,0
1.9692e+06,Moon,2.15393e+08,-2.9228e+08,0,842.517,565.404,0
1.9728e+06,Earth,2.04073e+06,2.83552e+07,0,-10.292,5.51437,0
1.9728e+06,Moon,2.18407e+08,-2.90216e+08,0,837.157,573.459,0
1.9764e+06,Earth,2.00392e+06,2.83747e+07,0,-10.2252,5.41597,0
1.9764e+06,Moon,2.21401e+08,-2.88123e+08,0,831.721,581.464,0
1.98e+06,Earth,1.96735e+06,2.83938e+07,0,-10.1574,5.31821,0
1.98e+06,Moon,2.24375e+08,-2.86001e+08,0,826.208,589.415,0
1.9836e+06,Earth,1.93103e+06,2.84126e+07,0,-10.0887,5.22111,0
1.9836e+06,Moon,2.2733e+08,-2.83851e+08,0,820.621,597.314,0
1.9872e+06,Earth,1.89496e+06,2.84311e+07,0,-10.0191,5.12466,0
1.9872e+06,Moon,2.30263e+08,-2.81672e+08,0,814.958,605.159,0
1.9908e+06,Earth,1.85915e+06,2.84492e+07,0,-9.9486,5.02889,0
1.9908e+06,Moon,2.33177e+08,-2.79465e+08,0,809.221,612.949,0
1.9944e+06,Earth,1.82359e+06,2.84669e+07,0,-9.87716,4.93379,0
1.9944e+06,Moon,2.36069e+08,-2.77231e+08,0,803.41,620.684,0
1.998e+06,Earth,1.78829e+06,2.84844e+07,0,-9.80482,4.83939,0
1.998e+06,Moon,2.3894e+08,-2.74969e+08,0,797.526,628.363,0
2.0016e+06,Earth,1.75326e+06,2.85014e+07,0,-9.73158,4.74567,0
2.0016e+06,Moon,2.4179e+08,-2.72679e+08,0,791.569,635.986,0
2.0052e+06,Earth,1.71849e+06,2.85182e+07,0,-9.65746,4.65267,0
2.0052e+06,Moon,2.44618e+08,-2.70362e+08,0,785.54,643.551,0
2.0088e+06,Earth,1.68399e+06,2.85346e+07,0,-9.58245,4.56037,0
2.0088e+06,Moon,2.47424e+08,-2.68019e+08,0,779.439,651.058,0
2.0124e+06,Earth,1.64977e+06,2.85507e+07,0,-9.50656,4.4688,0
2.0124e+06,Moon,2.50207e+08,-2.65648e+08,0,773.266,658.507,0
2.016e+06,Earth,1.61582e+06,2.85665e+07,0,-9.42981,4.37795,0
2.016e+06,Moon,2.52969e+08,-2.63251e+08,0,767.023,665.896,0
2.0196e+06,Earth,1.58216e+06,2.85819e+07,0,-9.3522,4.28784,0
2.0196e+06,Moon,2.55707e+08,-2.60827e+08,0,760.71,673.226,0
2.0232e+06,Earth,1.54877e+06,2.8597e+07,0,-9.27373,4.19848,0
2.0232e+06,Moon,2.58423e+08,-2.58377e+08,0,754.327,680.495,0
2.0268e+06,Earth,1.51567e+06,2.86118e+07,0,-9.19441,4.10987,0
2.0268e+06,Moon,2.61115e+08,-2.55902e+08,0,747.876,687.702,0
2.0304e+06,Earth,1.48286e+06,2.86263e+07,0,-9.11426,4.02202,0
2.0304e+06,Moon,2.63784e+08,-2.534e+08,0,741.356,694.848,0
2.034e+06,Earth,1.45034e+06,2.86405e+07,0,-9.03327,3.93494,0
2.034e+06,Moon,2.66429e+08,-2.50873e+08,0,734.768,701.931,0
2.0376e+06,Earth,1.41811e+06,2.86543e+07,0,-8.95145,3.84864,0
2.0376e+06,Moon,2.6905e+08,-2.48321e+08,0,728.113,708.951,0
2.0412e+06,Earth,1.38619e+06,2.86679e+07,0,-8.86882,3.76312,0
2.0412e+06,Moon,2.71647e+08,-2.45744e+08,0,721.392,715.907,0
2.0448e+06,Earth,1.35456e+06,2.86811e+07,0,-8.78537,3.67839,0
2.0448e+06,Moon,2.7422e+08,-2.43142e+08,0,714.604,722.799,0
2.0484e+06,Earth,1.32323e+06,2.8694e+07,0,-8.70112,3.59446,0
2.0484e+06,Moon,2.76768e+08,-2.40515e+08,0,707.751,729.626,0
2.052e+06,Earth,1.29222e+06,2.87067e+07,0,-8.61607,3.51134,0
2.052e+06,Moon,2.79291e+08,-2.37864e+08,0,700.833,736.387,0
2.0556e+06,Earth,1.26151e+06,2.8719e+07,0,-8.53024,3.42903,0
2.0556e+06,Moon,2.81789e+08,-2.35189e+08,0,693.852,743.082,0
2.0592e+06,Earth,1.23111e+06,2.87311e+07,0,-8.44362,3.34755,0
2.0592e+06,Moon,2.84261e+08,-2.3249e+08,0,686.806,749.71,0
2.0628e+06,Earth,1.20103e+06,2.87428e+07,0,-8.35623,3.26689,0
2.0628e+06,Moon,2.86708e+08,-2.29767e+08,0,679.698,756.27,0
2.0664e+06,Earth,1.17126e+06,2.87543e+07,0,-8.26808,3.18707,0
2.0664e+06,Moon,2.89129e+08,-2.27021e+08,0,672.527,762.763,0
2.07e+06,Earth,1.14182e+06,2.87655e+07,0,-8.17917,3.1081,0
2.07e+06,Moon,2.91524e+08,-2.24252e+08,0,665.295,769.187,0
2.0736e+06,Earth,1.1127e+06,2.87764e+07,0,-8.08951,3.02997,0
2.0736e+06,Moon,2.93893e+08,-2.2146e+08,0,658.002,775.541,0
2.0772e+06,Earth,1.0839e+06,2.8787e+07,0,-7.9991,2.95271,0
2.0772e+06,Moon,2.96235e+08,-2.18646e+08,0,650.649,781.826,0
2.0808e+06,Earth,1.05543e+06,2.87974e+07,0,-7.90797,2.87631,0
2.0808e+06,Moon,2.98551e+08,-2.15809e+08,0,643.236,788.041,0
2.0844e+06,Earth,1.02729e+06,2.88075e+07,0,-7.81611,2.80078,0
2.0844e+06,Moon,3.0084e+08,-2.1295e+08,0,635.764,794.184,0
2.088e+06,Earth,999488,2.88173e+07,0,-7.72353,2.72612,0
2.088e+06,Moon,3.03101e+08,-2.10069e+08,0,628.233,800.256,0
2.0916e+06,Earth,972019,2.88268e+07,0,-7.63024,2.65236,0
2.0916e+06,Moon,3.05336e+08,-2.07166e+08,0,620.645,806.257,0
2.0952e+06,Earth,944889,2.88361e+07,0,-7.53625,2.57948,0
2.0952e+06,Moon,3.07543e+08,-2.04243e+08,0,613,812.184,0
2.0988e+06,Earth,918099,2.88451e+07,0,-7.44157,2.50751,0
2.0988e+06,Moon,3.09722e+08,-2.01298e+08,0,605.299,818.039,0
2.1024e+06,Earth,891653,2.88539e+07,0,-7.34621,2.43643,0
2.1024e+06,Moon,3.11873e+08,-1.98332e+08,0,597.542,823.82,0
2.106e+06,Earth,865552,2.88624e+07,0,-7.25017,2.36627,0
2.106e+06,Moon,3.13996e+08,-1.95346e+08,0,589.73,829.527,0
2.1096e+06,Earth,839799,2.88707e+07,0,-7.15346,2.29703,0
2.1096e+06,Moon,3.16091e+08,-1.92339e+08,0,581.864,835.159,0
2.1132e+06,Earth,814397,2.88787e+07,0,-7.0561,2.22871,0
2.1132e+06,Moon,3.18157e+08,-1.89312e+08,0,573.945,840.716,0
2.1168e+06,Earth,789348,2.88865e+07,0,-6.95809,2.16132,0
2.1168e+06,Moon,3.20194e+08,-1.86266e+08,0,565.973,846.198,0
2.1204e+06,Earth,764654,2.88941e+07,0,-6.85944,2.09487,0
2.1204e+06,Moon,3.22203e+08,-1.832e+08,0,557.948,851.603,0
2.124e+06,Earth,740318,2.89014e+07,0,-6.76015,2.02936,0
2.124e+06,Moon,3.24182e+08,-1.80115e+08,0,549.872,856.931,0
2.1276e+06,Earth,716341,2.89084e+07,0,-6.66025,1.9648,0
2.1276e+06,Moon,3.26133e+08,-1.77012e+08,0,541.746,862.183,0
2.1312e+06,Earth,692726,2.89153e+07,0,-6.55973,1.90119,0
2.1312e+06,Moon,3.28054e+08,-1.73889e+08,0,533.57,867.357,0
2.1348e+06,Earth,669475,2.89219e+07,0,-6.4586,1.83854,0
2.1348e+06,Moon,3.29945e+08,-1.70748e+08,0,525.344,872.453,0
2.1384e+06,Earth,646590,2.89283e+07,0,-6.35688,1.77686,0
2.1384e+06,Moon,3.31806e+08,-1.67589e+08,0,517.07,877.47,0
2.142e+06,Earth,624074,2.89345e+07,0,-6.25457,1.71614,0
2.142e+06,Moon,3.33638e+08,-1.64413e+08,0,508.748,882.408,0
2.1456e+06,Earth,601928,2.89404e+07,0,-6.15168,1.65641,0
2.1456e+06,Moon,3.35439e+08,-1.61218e+08,0,500.379,887.267,0
2.1492e+06,Earth,580154,2.89462e+07,0,-6.04823,1.59766,0
2.1492e+06,Moon,3.3721e+08,-1.58007e+08,0,491.964,892.046,0
2.1528e+06,Earth,558755,2.89517e+07,0,-5.94422,1.53989,0
2.1528e+06,Moon,3.38951e+08,-1.54779e+08,0,483.504,896.745,0
2.1564e+06,Earth,537732,2.89571e+07,0,-5.83965,1.48312,0
2.1564e+06,Moon,3.40661e+08,-1.51534e+08,0,474.999,901.363,0
2.16e+06,Earth,517088,2.89622e+07,0,-5.73455,1.42734,0
2.16e+06,Moon,3.4234e+08,-1.48273e+08,0,466.45,905.9,0
2.1636e+06,Earth,496824,2.89671e+07,0,-5.62891,1.37257,0
2.1636e+06,Moon,3.43988e+08,-1.44995e+08,0,457.857,910.355,0
2.1672e+06,Earth,476942,2.89719e+07,0,-5.52276,1.31881,0
2.1672e+06,Moon,3.45605e+08,-1.41702e+08,0,449.222,914.728,0
2.1708e+06,Earth,457444,2.89765e+07,0,-5.41609,1.26606,0
2.1708e+06,Moon,3.47191e+08,-1.38394e+08,0,440.546,919.019,0
2.1744e+06,Earth,438332,2.89808e+07,0,-5.30891,1.21432,0
2.1744e+06,Moon,3.48746e+08,-1.3507e+08,0,431.828,923.227,0
2.178e+06,Earth,419607,2.8985e+07,0,-5.20125,1.16361,0
2.178e+06,Moon,3.50269e+08,-1.31732e+08,0,423.071,927.351,0
2.1816e+06,Earth,401272,2.8989e+07,0,-5.0931,1.11393,0
2.1816e+06,Moon,3.5176e+08,-1.28379e+08,0,414.274,931.393,0
2.1852e+06,Earth,383328,2.89929e+07,0,-4.98448,1.06528,0
2.1852e+06,Moon,3.5322e+08,-1.25012e+08,0,405.438,935.35,0
2.1888e+06,Earth,365777,2.89965e+07,0,-4.87539,1.01767,0
2.1888e+06,Moon,3.54648e+08,-1.2163e+08,0,396.565,939.223,0
2.1924e+06,Earth,348620,2.9e+07,0,-4.76585,0.971094,0
2.1924e+06,Moon,3.56043e+08,-1.18236e+08,0,387.655,943.011,0
2.196e+06,Earth,331858,2.90034e+07,0,-4.65586,0.925566,0
2.196e+06,Moon,3.57407e+08,-1.14827e+08,0,378.709,946.714,0
2.1996e+06,Earth,315495,2.90065e+07,0,-4.54544,0.881088,0
2.1996e+06,Moon,3.58738e+08,-1.11406e+08,0,369.727,950.332,0
2.2032e+06,Earth,299530,2.90095e+07,0,-4.43459,0.837663,0
2.2032e+06,Moon,3.60036e+08,-1.07972e+08,0,360.711,953.864,0
2.2068e+06,Earth,283966,2.90124e+07,0,-4.32333,0.795296,0
2.2068e+06,Moon,3.61302e+08,-1.04526e+08,0,351.661,957.31,0
2.2104e+06,Earth,268804,2.90151e+07,0,-4.21166,0.753991,0
2.2104e+06,Moon,3.62535e+08,-1.01068e+08,0,342.578,960.67,0
2.214e+06,Earth,254046,2.90177e+07,0,-4.0996,0.713752,0
2.214e+06,Moon,3.63736e+08,-9.75973e+07,0,333.462,963.943,0
2.2176e+06,Earth,239692,2.90201e+07,0,-3.98715,0.674582,0
2.2176e+06,Moon,3.64903e+08,-9.41156e+07,0,324.316,967.129,0
2.2212e+06,Earth,225745,2.90224e+07,0,-3.87433,0.636485,0
2.2212e+06,Moon,3.66038e+08,-9.06228e+07,0,315.139,970.228,0
2.2248e+06,Earth,212204,2.90246e+07,0,-3.76114,0.599465,0
2.2248e+06,Moon,3.67139e+08,-8.71192e+07,0,305.932,973.239,0
2.2284e+06,Earth,199073,2.90266e+07,0,-3.6476,0.563525,0
2.2284e+06,Moon,3.68207e+08,-8.3605e+07,0,296.696,976.163,0
2.232e+06,Earth,186352,2.90285e+07,0,-3.53371,0.528669,0
2.232e+06,Moon,3.69242e+08,-8.00806e+07,0,287.433,978.998,0
2.2356e+06,Earth,174042,2.90303e+07,0,-3.41949,0.4949,0
2.2356e+06,Moon,3.70243e+08,-7.65463e+07,0,278.142,981.745,0
2.2392e+06,Earth,162144,2.90319e+07,0,-3.30494,0.462221,0
2.2392e+06,Moon,3.71211e+08,-7.30024e+07,0,268.825,984.403,0
2.2428e+06,Earth,150659,2.90335e+07,0,-3.19008,0.430635,0
2.2428e+06,Moon,3.72145e+08,-6.94493e+07,0,259.482,986.972,0
2.2464e+06,Earth,139590,2.90349e+07,0,-3.07491,0.400146,0
2.2464e+06,Moon,3.73046e+08,-6.58873e+07,0,250.114,989.452,0
2.25e+06,Earth,128936,2.90363e+07,0,-2.95946,0.370757,0
2.25e+06,Moon,3.73912e+08,-6.23167e+07,0,240.723,991.843,0
2.2536e+06,Earth,118698,2.90375e+07,0,-2.84371,0.342469,0
2.2536e+06,Moon,3.74745e+08,-5.87378e+07,0,231.308,994.143,0
2.2572e+06,Earth,108879,2.90386e+07,0,-2.7277,0.315287,0
2.2572e+06,Moon,3.75544e+08,-5.51509e+07,0,221.872,996.354,0
2.2608e+06,Earth,99477.6,2.90397e+07,0,-2.61142,0.289213,0
2.2608e+06,Moon,3.76308e+08,-5.15564e+07,0,212.414,998.475,0
2.2644e+06,Earth,90495.9,2.90406e+07,0,-2.4949,0.264248,0
2.2644e+06,Moon,3.77039e+08,-4.79546e+07,0,202.935,1000.51,0
2.268e+06,Earth,81934.7,2.90415e+07,0,-2.37813,0.240397,0
2.268e+06,Moon,3.77735e+08,-4.43458e+07,0,193.437,1002.45,0
2.2716e+06,Earth,73794.6,2.90423e+07,0,-2.26112,0.217661,0
2.2716e+06,Moon,3.78398e+08,-4.07303e+07,0,183.92,1004.3,0
2.2752e+06,Earth,66076.6,2.9043e+07,0,-2.1439,0.196042,0
2.2752e+06,Moon,3.79025e+08,-3.71085e+07,0,174.386,1006.05,0
2.2788e+06,Earth,58781.3,2.90436e+07,0,-2.02647,0.175544,0
2.2788e+06,Moon,3.79619e+08,-3.34807e+07,0,164.834,1007.72,0
2.2824e+06,Earth,51909.5,2.90442e+07,0,-1.90884,0.156166,0
2.2824e+06,Moon,3.80178e+08,-2.98472e+07,0,155.266,1009.3,0
2.286e+06,Earth,45461.8,2.90447e+07,0,-1.79102,0.137913,0
2.286e+06,Moon,3.80702e+08,-2.62084e+07,0,145.682,1010.78,0
2.2896e+06,Earth,39438.9,2.90451e+07,0,-1.67302,0.120786,0
2.2896e+06,Moon,3.81192e+08,-2.25646e+07,0,136.084,1012.18,0
2.2932e+06,Earth,33841.4,2.90455e+07,0,-1.55486,0.104785,0
2.2932e+06,Moon,3.81647e+08,-1.89161e+07,0,126.473,1013.48,0
2.2968e+06,Earth,28669.9,2.90458e+07,0,-1.43654,0.0899147,0
2.2968e+06,Moon,3.82068e+08,-1.52632e+07,0,116.848,1014.69,0
2.3004e+06,Earth,23924.8,2.90461e+07,0,-1.31807,0.0761747,0
2.3004e+06,Moon,3.82454e+08,-1.16063e+07,0,107.212,1015.8,0
2.304e+06,Earth,19606.7,2.90463e+07,0,-1.19947,0.0635671,0
2.304e+06,Moon,3.82805e+08,-7.94572e+06,0,97.5648,1016.83,0
2.3076e+06,Earth,15716.1,2.90465e+07,0,-1.08074,0.0520933,0
2.3076e+06,Moon,3.83122e+08,-4.28177e+06,0,87.9073,1017.76,0
2.3112e+06,Earth,12253.3,2.90466e+07,0,-0.961893,0.0417545,0
2.3112e+06,Moon,3.83403e+08,-614801,0,78.2406,1018.6,0
2.3148e+06,Earth,9218.66,2.90468e+07,0,-0.842947,0.0325521,0
2.3148e+06,Moon,3.8365e+08,3.05487e+06,0,68.5655,1019.35,0
2.3184e+06,Earth,6612.59,2.90469e+07,0,-0.723908,0.0244872,0
2.3184e+06,Moon,3.83862e+08,6.7269e+06,0,58.8829,1020.01,0
2.322e+06,Earth,4435.36,2.90469e+07,0,-0.604787,0.0175607,0
2.322e+06,Moon,3.84039e+08,1.0401e+07,0,49.1935,1020.57,0
2.3256e+06,Earth,2687.22,2.9047e+07,0,-0.485595,0.0117735,0
2.3256e+06,Moon,3.84181e+08,1.40767e+07,0,39.4984,1021.04,0
2.3292e+06,Earth,1368.38,2.9047e+07,0,-0.366342,0.00712664,0
2.3292e+06,Moon,3.84289e+08,1.77538e+07,0,29.7984,1021.42,0
2.3328e+06,Earth,479.038,2.9047e+07,0,-0.24704,0.00362067,0
2.3328e+06,Moon,3.84361e+08,2.1432e+07,0,20.0943,1021.71,0
2.3364e+06,Earth,19.3202,2.9047e+07,0,-0.127699,0.00125627,0
2.3364e+06,Moon,3.84398e+08,2.51108e+07,0,10.3871,1021.9,0
2.34e+06,Earth,-10.6698,2.9047e+07,0,-0.00833057,3.39377e-05,0
2.34e+06,Moon,3.84401e+08,2.879e+07,0,0.677611,1022,0
2.3436e+06,Earth,389.13,2.9047e+07,0,0.111055,-4.5887e-05,0
2.3436e+06,Moon,3.84368e+08,3.24692e+07,0,-9.03328,1022,0
2.3472e+06,Earth,1218.74,2.9047e+07,0,0.230448,0.00101711,0
2.3472e+06,Moon,3.84301e+08,3.61481e+07,0,-18.7447,1021.92,0
2.3508e+06,Earth,2478.15,2.9047e+07,0,0.349836,0.00322316,0
2.3508e+06,Moon,3.84198e+08,3.98264e+07,0,-28.4557,1021.74,0
2.3544e+06,Earth,4167.3,2.9047e+07,0,0.469208,0.00657238,0
2.3544e+06,Moon,3.84061e+08,4.35036e+07,0,-38.1655,1021.47,0
2.358e+06,Earth,6286.1,2.90471e+07,0,0.588555,0.0110648,0
2.358e+06,Moon,3.83889e+08,4.71796e+07,0,-47.8732,1021.1,0
